site_id,geo_tract,add_num,add_str,zipcode,muni,nhood,prop_name,year_blt,company,park_incl,cost_space,park_add,nrs_tserv,hou_type,rnt_studio,rnt_unit1,rnt_unit2,rnt_unit3,rnt_unit_t,cnd_studio,cnd_unit1,cnd_unit2,cnd_unit3,cnd_unit_t,vac_studio,vac_unit1,vac_unit2,vac_unit3,vac_unit_t,sub_studio,sub_unit1,sub_unit2,sub_unit3,sub_unit_t,cost_apt_s,cost_apt_1,cost_apt_2,cost_apt_3,cost_cnd_s,cost_cnd_1,cost_cnd_2,cost_cnd_3,ov_lot_spc,ov_gar_spc,ov_lot_veh,ov_gar_veh,ov_spc,ov_veh,ov_empt,apt_unit_t,apt_occu_t,util_rate,park_dem,park_sup,park_sup_tot,x_coord,y_coord,ct_pop_tot,bg_pop_den,bg_emp_den,bg_act_den,walk_score,b_umn_t30jobs,mbta_rapid,mbta_crail,bldg_agec,bldg_szec,bldg_ten_rnt,bldg_affp,bldg_bed1,bldg_bed2,bldg_bed3,bldg_bed_unit,bldg_bed1p,bldg_bed2p,bldg_bed3p,bldg_cost_unit,bldg_cost_room,park_gl_bal,park_bike,park_bund,park_cost,park_costc,park_cost_unit,park_cost_room
101,25025160300,1-21,Boatswains Way,02150,Chelsea,NA,1-21 Boatswains Way,1987,NA,Yes,NA,Residents may rent spaces from one another,No,Condominiums,0,0,0,0,0,0,0,43,0,43,0,0,0,0,0,0,0,0,0,0,NA,NA,NA,NA,NA,NA,NA,NA,86,0,40,0,86,40,46,43,43,0.47,0.93,2.00,2.00,42.390471,-71.0462919,2476,19.33,3.60,22.93,59,23089,0,0,2,2,0,0.00,0,43,0,2.00,0.00,1.00,0.00,NA,NA,0.00,0,1,0,0,NA,NA
102,25017353200,1,Brookline Place,02139,Cambridge,Central,Auburn Court,2001,Winn Residential,Yes,NA,There is no option for additional parking,No,Apartments,0,27,79,31,137,0,0,0,0,0,0,0,3,0,3,0,3,44,22,69,NA,2250,2750,3000,NA,NA,NA,NA,82,0,60,0,82,60,22,137,134,0.73,0.45,0.61,0.60,42.3624507,-71.1019929,5131,54.78,13.16,67.94,97,474490,1,0,3,3,1,0.50,27,77,30,2.02,0.20,0.57,0.22,2708.03,1334.53,0.00,1,1,0,0,0.00,0.00
103,25017354900,1,Jackson Place,02140,Cambridge,Alewife,Jefferson Park New,1940,Cambridge Housing Authority,No,$0 ,There is no option for additional parking,No,Apartments,0,32,53,19,104,0,0,0,0,0,0,20,25,8,53,0,32,53,19,104,NA,1250,1750,1750,NA,NA,NA,NA,75,0,60,0,75,60,15,104,51,0.80,1.18,1.47,0.72,42.3926988,-71.1353221,7195,94.36,3.53,97.90,81,77969,1,0,1,3,1,1.00,16,26,9,1.86,0.31,0.51,0.18,1596.15,851.28,0.00,0,0,0,0,0.00,0.00
104,25017352101,1,Leighton Street,02141,Cambridge,East Cambridge,Avalon North Point,2008,Avalon Bay Communities,NA,NA,NA,No,Apartments,55,191,162,18,426,0,0,0,0,0,0,0,0,0,9,0,0,0,0,0,2750,3000,3000,3000,NA,NA,NA,NA,0,424,0,203,424,203,221,529,520,0.48,0.39,0.82,0.80,42.3698228,-71.0731297,1915,29.48,3.23,32.71,80,369424,1,0,3,3,1,0.00,300,198,22,1.47,0.58,0.38,0.04,2967.72,2026.04,424.00,1,NA,0,0,0.00,0.00
105,25025020303,1,Nashua Street,02114,Boston,Downtown,Avalon North Station,2016,Avalon Bay Communities,No,$400 ,NA,No,Apartments,0,0,0,0,503,0,0,0,0,0,0,0,0,0,80,0,0,0,0,50,NA,NA,NA,NA,NA,NA,NA,NA,0,199,0,161,199,161,38,503,423,0.81,0.38,0.47,0.40,42.365947,-71.063473,3818,14.66,147.66,162.32,96,586964,1,1,3,3,1,0.10,226,172,25,1.52,0.53,0.41,0.06,NA,NA,199.00,0,0,400,1,NA,NA
106,25017355000,1,Whittemore Avenue,02139,Cambridge,North Cambridge,Linea Cambridge,2015,Nordblom Company,Yes,NA,There is no option for additional parking,No,Apartments,0,20,20,17,57,0,0,0,0,0,0,0,0,0,0,0,2,4,2,8,NA,2750,3000,3000,NA,NA,NA,NA,64,0,38,0,64,38,26,57,57,0.59,0.67,1.12,1.12,42.3983825,-71.133804,3157,20.48,19.64,40.12,79,64238,1,0,3,2,1,0.14,20,20,17,1.95,0.35,0.35,0.30,2912.28,1495.50,0.00,0,1,0,0,0.00,0.00
107,25025160501,10,Forsythe Street,02150,Chelsea,NA,10 Forsythe Street,1980,NA,Yes,$0 ,"If a unit request an additional parking space, they must pay for the space separate from the rental price",No,Apartments,0,56,43,9,108,0,0,0,0,0,0,1,4,0,5,0,56,43,9,108,NA,1101,1321,1526,NA,NA,NA,NA,24,47,13,47,71,60,11,108,103,0.85,0.58,0.69,0.66,42.3989822,-71.0306013,5145,77.36,3.10,80.46,83,74559,0,1,2,3,1,1.00,53,41,9,1.57,0.51,0.40,0.09,1224.01,782.21,1.96,0,1,0,0,0.00,0.00
108,25025050300,10,New Street,02128,Boston,East Boston,The Eddy,2016,Greystar,No,$150 ,Parking is not included with rent/purchase price-- residents pay for each space requested,No,Apartments,69,138,52,0,259,0,0,0,0,0,3,2,3,0,8,0,0,0,0,0,2250,2750,3000,NA,NA,NA,NA,NA,0,119,0,88,119,88,31,259,251,0.74,0.35,0.47,0.459459459459459,42.3713134,-71.044066,2288,11.41,9.65,21.06,82,313427,1,0,3,3,1,0.00,201,50,0,1.20,0.80,0.20,0.00,2666.99,2221.06,119.00,1,0,150,1,0.06,0.07
109,25017341300,100-150,Exchange Street,02148,Malden,NA,Exchange Street Apartments,2017,Combined Properties,No,$100 ,Parking is not included with rent/purchase price-- residents pay for each space requested,Yes,Apartments,22,98,90,0,210,0,0,0,0,0,0,3,1,0,4,0,0,0,0,0,1750,2250,2750,NA,NA,NA,NA,NA,31,126,4,106,157,110,47,210,206,0.70,0.53,0.76,0.75,42.4258332,-71.070762,5363,4.58,30.18,34.75,94,145706,1,1,3,3,1,0.00,118,88,0,1.43,0.57,0.43,0.00,2411.90,1688.33,4.06,1,0,100,1,0.04,0.06
110,25025160300,94,Captains Row,02150,Chelsea,NA,94 Captains Row,1987,NA,Yes,NA,Residents may rent spaces from one another,No,Condominiums,0,0,0,0,0,0,16,16,0,32,0,0,0,0,0,0,0,0,0,0,NA,NA,NA,NA,NA,NA,NA,NA,65,0,37,0,65,37,28,32,32,0.57,1.16,2.03,2.03,42.3890202,-71.0448443,2476,19.33,3.60,22.93,70,35416,0,0,2,2,0,0.00,16,16,0,1.50,0.50,0.50,0.00,NA,NA,0.00,0,1,0,0,NA,NA
111,25025160400,100,Heard Street,02150,Chelsea,NA,One North of Boston,2014,NA,Yes,$100 for garage,"Parking is provided on a first come, first served basis",No,Apartments,32,143,47,8,230,0,0,0,0,0,1,0,0,0,1,0,0,0,0,0,1565,1749,2038,2675,NA,NA,NA,NA,158,85,142,55,243,197,46,230,229,0.81,0.86,1.06,1.06,42.398335,-71.0367936,3054,5.10,25.52,30.61,84,84706,0,1,3,3,1,0.00,174,47,8,1.28,0.76,0.21,0.03,1814.67,1424.48,0.54,1,1,100,1,0.06,0.07
112,25025010403,100,Norway Street,02115,Boston,Fenway/Kenmore,Morville House,2005,NA,No,NA,There is no option for additional parking,No,Apartments,98,47,0,0,145,0,0,0,0,0,0,1,0,0,1,98,47,0,0,145,2250,2750,NA,NA,NA,NA,NA,NA,32,0,17,0,32,17,15,145,144,0.53,0.12,0.22,0.22,42.3449075,-71.0883108,2869,110.12,11.07,121.19,98,526629,1,0,3,3,1,1.00,144,0,0,1.00,1.00,0.00,0.00,2412.07,2412.07,0.00,0,0,0,0,0.00,0.00
113,25025160601,100,Stockton Street,02150,Chelsea,NA,Parkside Commons,2009,Corcoran Management,No,$60 ,Parking is not included with rent/purchase price-- residents pay for each space requested,Yes,Apartments,14,125,96,3,238,0,0,0,0,0,2,2,3,0,7,3,10,10,1,24,1750,1750,2250,3000,NA,NA,NA,NA,0,235,0,242,235,242,-7,238,231,1.00,1.05,1.02,0.99,42.4024436,-71.0220115,4833,23.82,6.47,30.30,73,25610,0,0,3,3,1,0.10,135,93,3,1.43,0.58,0.40,0.01,1967.44,1377.21,235.00,0,0,60,1,0.03,0.04
114,25017370102,100,Woodview Way,02472,Watertown,NA,Bell Watertown Apartments,2013,Bell Partners,No,NA,There is no option for additional parking,No,Apartments,0,81,73,1,155,0,0,0,0,0,0,2,2,0,4,0,8,8,0,16,NA,2300,2800,4000,NA,NA,NA,NA,240,0,201,0,240,201,39,155,151,0.84,1.33,1.59,1.55,42.3698331,-71.2101562,7938,6.87,7.58,14.45,63,23761,0,0,3,3,1,0.10,79,71,1,1.48,0.52,0.47,0.01,2546.45,1716.09,0.00,1,0,0,0,0.00,0.00
115,25017336401,1000,Stone Place,02176,Melrose,NA,Jack Flats,2015,Bozzuto,No,$50-$125,Parking is not included with rent/purchase price-- residents pay for each space requested,No,Apartments,8,86,84,15,193,0,0,0,0,0,0,0,0,0,62,0,9,8,2,13,2250,2250,2750,3000,NA,NA,NA,NA,212,63,172,54,275,226,49,193,131,0.82,1.73,2.10,1.42,42.4432854,-71.0712331,4744,7.38,1.01,8.39,42,38815,1,0,3,3,1,0.07,64,57,10,1.59,0.49,0.44,0.08,2525.91,1587.95,0.30,0,0,50,1,0.02,0.03
116,25025020303,101,Canal Street,02114,Boston,Downtown,Avenir Apartments,2010,Equity Residential,No,$400 ,Parking is not included with rent/purchase price-- residents pay for each space requested,No,Apartments,5,126,110,0,241,0,0,0,0,0,1,5,4,0,10,0,0,0,0,17,2750,3000,3000,NA,NA,NA,NA,NA,0,112,0,66,112,66,46,241,231,0.59,0.29,0.48,0.46,42.3650387,-71.0602864,3818,14.66,147.66,162.32,98,559494,1,1,3,3,1,0.07,126,105,0,1.45,0.55,0.45,0.00,2994.81,2056.27,112.00,1,0,400,1,0.13,0.19
117,25025081100,101,S Huntington Avenue,02130,Boston,Jamaica Plain,Serenity,2017,Greystar,No,$275 ,Parking is not included with rent/purchase price-- residents pay for each space requested,No,Apartments,0,0,0,0,195,0,0,0,0,0,0,0,0,0,6,0,0,0,0,0,NA,NA,NA,NA,NA,NA,NA,NA,0,97,0,82,97,82,15,195,189,0.85,0.43,0.51,0.50,42.3294042,-71.1115223,4134,33.47,19.38,52.84,75,180863,1,0,3,3,1,0.00,101,77,11,1.52,0.53,0.41,0.06,NA,NA,97.00,1,0,275,1,NA,NA
118,25017341300,1038,Main Street,02148,Malden,NA,1038 Main Street,1967,NA,Yes,NA,There is no option for additional parking,No,Apartments,0,35,83,0,118,0,0,0,0,0,0,0,0,0,0,0,0,0,0,0,NA,1200,1400,NA,NA,NA,NA,NA,139,0,128,0,139,128,11,118,118,0.92,1.08,1.18,1.18,42.4389067,-71.0685038,5363,29.55,2.93,32.49,45,27179,1,0,2,3,1,0.00,35,83,0,1.70,0.30,0.70,0.00,1340.68,787.06,0.00,1,1,0,0,0.00,0.00
119,25017370101,1060,Belmont Street,02472,Watertown,NA,1060 Belmont,2010,Maloney Properties,Yes,NA,"Parking is provided on a first come, first served basis",No,Apartments,1,3,14,0,18,0,0,0,0,0,0,0,0,0,0,1,3,14,0,18,1000,1250,1250,NA,NA,NA,NA,NA,21,0,15,0,21,15,6,18,18,0.71,0.83,1.17,1.17,42.3821562,-71.1969985,7582,24.05,0.64,24.69,67,18890,0,0,3,1,1,1.00,4,14,0,1.78,0.22,0.78,0.00,1236.11,695.31,0.00,1,1,0,0,0.00,0.00
120,25017352700,1064,Cambridge Street,02139,Cambridge,Inman,Elm Place,2011,Just-A-Start Corp,Yes,NA,There is no option for additional parking,No,Apartments,0,3,10,6,19,0,0,0,0,0,0,0,0,0,0,0,0,4,4,8,NA,1250,1250,1750,NA,NA,NA,NA,19,0,12,0,19,12,7,19,19,0.63,0.63,1.00,1.00,42.372997,-71.0951349,2204,39.86,26.63,66.49,95,258815,0,0,3,1,1,0.42,3,10,6,2.16,0.16,0.53,0.32,1407.89,652.44,0.00,0,1,0,0,0.00,0.00
121,25017336402,108,Emerson West Street,02176,Melrose,NA,108 Emerson West Street,1961,NA,Yes,NA,"Parking is provided on a first come, first served basis",No,Apartments,0,0,30,0,30,0,0,0,0,0,0,0,3,0,3,0,0,3,0,3,NA,NA,1750,NA,NA,NA,NA,NA,37,0,31,0,37,31,6,30,27,0.84,1.15,1.37,1.23,42.4588517,-71.0680689,5079,17.36,20.17,37.53,87,17597,0,1,2,2,1,0.10,0,27,0,2.00,0.00,1.00,0.00,1750.00,875.00,0.00,0,1,0,0,0.00,0.00
122,25025160200,11,Congress Avenue,02150,Chelsea,NA,11 Congress Avenue,1995,NA,Yes,NA,NA,No,Apartments,0,2,19,2,23,0,0,0,0,0,0,0,0,0,0,0,2,19,2,23,NA,950,1200,1700,NA,NA,NA,NA,13,0,9,0,13,9,4,23,23,0.69,0.39,0.57,0.57,42.3904889,-71.0377516,4357,56.03,39.50,95.53,89,212909,0,1,2,1,1,1.00,2,19,2,2.00,0.09,0.83,0.09,1221.74,610.87,0.00,0,1,0,0,0.00,0.00
123,25025020303,110,Beverly Street,02114,Boston,Downtown,The Victor by Windsor,2015,Windsor Communities,No,$425-$500,Parking is not included with rent/purchase price-- residents pay for each space requested,No,Apartments,44,170,72,0,286,0,0,0,0,0,1,3,1,0,5,1,8,1,0,10,2750,3000,3000,NA,NA,NA,NA,NA,0,99,0,99,99,99,0,286,281,1.00,0.35,0.35,0.35,42.3654092,-71.0600424,3818,14.66,147.66,162.32,97,557554,1,1,3,3,1,0.03,210,71,0,1.25,0.75,0.25,0.00,2961.54,2365.92,99.00,0,0,425,1,0.14,0.18
124,25017341200,111,Devir Street,02148,Malden,NA,111 Devir Street,1980,NA,NA,NA,NA,No,Condominiums,0,0,0,0,0,0,0,0,0,0,0,0,0,0,0,0,0,0,0,0,NA,NA,NA,NA,NA,NA,NA,NA,48,0,28,0,48,28,20,28,28,0.58,1.00,1.71,1.71,42.4161123,-71.0822291,7152,14.54,10.20,24.74,64,20204,0,0,2,2,0,0.00,12,13,3,1.68,0.43,0.46,0.11,NA,NA,0.00,0,NA,0,0,NA,NA
125,25025100100,112-158,Bernard Street,02124,Boston,Dorchester,Talbot Bernard Homes,2003,Winn Residential,Yes,$0 ,There is no option for additional parking,No,Apartments,0,9,16,19,44,0,0,0,0,0,0,0,0,0,0,0,0,0,0,0,NA,1200,1400,1600,NA,NA,NA,NA,23,0,18,0,23,18,5,44,44,0.78,0.41,0.52,0.52,42.2914193,-71.0792158,6742,15.93,0.45,16.38,75,25832,0,1,3,2,1,0.00,9,16,19,2.23,0.20,0.36,0.43,1465.91,658.16,0.00,0,1,0,0,0.00,0.00
126,25017341102,117,Summer Street,02148,Malden,NA,117 Summer Street,1950,NA,Yes,NA,There is no option for additional parking,No,Apartments,8,25,0,0,33,0,0,0,0,0,0,0,0,0,0,0,0,0,0,0,NA,NA,NA,NA,NA,NA,NA,NA,29,0,18,0,29,18,11,33,33,0.62,0.55,0.88,0.88,42.4308232,-71.0741511,4203,36.81,3.00,39.81,84,55875,1,1,2,2,1,0.00,33,0,0,1.00,1.00,0.00,0.00,NA,NA,0.00,0,1,0,0,NA,NA
127,25017336401,12,Mt Vernon Street ,02176,Melrose,NA,12 Mt Vernon Street ,1980,NA,Yes,$50 ,"If a unit request an additional parking space, they must pay for the space separate from the rental price",No,Condominiums,0,0,0,0,0,0,0,30,0,30,0,0,0,0,0,0,0,30,0,30,NA,NA,NA,NA,NA,NA,NA,NA,0,45,0,45,45,45,0,30,30,1.00,1.50,1.50,1.50,42.4506708,-71.0673264,4744,15.47,1.80,17.27,81,43257,0,1,2,2,0,1.00,0,30,0,2.00,0.00,1.00,0.00,NA,NA,45.00,0,1,50,1,NA,NA
128,25017352500,12,Boardman Street,02139,Cambridge,Kendall,Squirrel Brand,2001,Just-A-Start Corp,Yes,NA,There is no option for additional parking,No,Apartments,1,2,13,2,18,0,0,0,0,0,0,0,0,0,0,0,1,5,0,6,1250,1250,1250,1750,NA,NA,NA,NA,19,0,2,0,19,2,17,18,18,0.11,0.11,1.06,1.06,42.367109,-71.0969224,2828,67.62,3.96,71.58,93,424842,1,0,3,1,1,0.33,3,13,2,1.94,0.17,0.72,0.11,1305.56,671.43,0.00,1,1,0,0,0.00,0.00
129,25017342300,12,Valley Street,02149,Everett,NA,Wellington Parkside,2016,Dolben,Yes,$100 for garage or additional space,"If a unit request an additional parking space, they must pay for the space separate from the rental price",Yes,Apartments,0,104,86,0,190,0,0,0,0,0,0,0,0,0,10,0,0,0,0,0,NA,2008,2587,NA,NA,NA,NA,NA,118,123,108,64,241,172,69,190,180,0.71,0.96,1.34,1.27,42.4088089,-71.0655158,7543,25.96,2.42,28.37,83,26204,0,0,3,3,1,0.00,99,81,0,1.45,0.55,0.45,0.00,2270.07,1562.73,1.04,0,1,100,1,0.04,0.06
130,25017342201,21,Staples Avenue,02149,Everett,NA,21 Staples Avenue,1960,NA,Yes,$0 ,Residents may rent spaces from one another,No,Condominiums,0,0,0,0,0,0,0,0,0,105,0,0,0,0,0,0,0,0,0,0,NA,NA,NA,NA,NA,NA,NA,NA,105,0,80,0,105,80,25,105,105,0.76,0.76,1.00,1.00,42.4144621,-71.0557428,4876,42.11,0.55,42.66,80,27430,0,0,2,3,0,0.00,56,43,6,1.52,0.53,0.41,0.06,NA,NA,0.00,0,1,0,0,NA,NA
131,25017342300,120,Wyllis Avenue,02149,Everett,NA,120 Wyllis Avenue,2007,NA,Yes,NA,NA,No,Apartments,0,1,32,0,33,0,0,0,0,0,0,0,0,0,0,0,0,0,0,0,NA,2060,2250,NA,NA,NA,NA,NA,121,50,57,38,171,95,76,97,97,0.56,0.98,1.76,1.76,42.4146422,-71.0699263,7543,25.96,2.42,28.37,64,25037,0,0,3,2,1,0.00,3,94,0,1.97,0.03,0.97,0.00,2244.24,1139.38,0.41,0,1,0,0,0.00,0.00
132,25025130406,125,Edgemere Road,02132,Boston,West Roxbury,125 Edgemere Road,NA,Chestnut Hill Realty,No,$30 ,Parking is not included with rent/purchase price-- residents pay for each space requested,No,Apartments,0,25,23,0,48,0,0,0,0,0,0,1,0,0,1,0,0,0,0,0,NA,1750,2250,NA,NA,NA,NA,NA,55,0,46,0,55,46,9,48,47,0.84,0.98,1.17,1.15,42.2582842,-71.1506984,6011,16.88,0.91,17.79,44,2697,0,0,NA,2,1,0.00,24,23,0,1.49,0.51,0.49,0.00,1989.58,1345.07,0.00,0,0,30,1,0.02,0.02
133,25017341600,128,Salem Street,02148,Malden,NA,128 Salem Street,1974,NA,Yes,NA,"If a unit request an additional parking space, they must pay for the space separate from the rental price",No,Apartments,0,0,16,0,16,0,0,0,0,0,0,0,0,0,0,0,0,1,0,1,NA,NA,1450,NA,NA,NA,NA,NA,25,0,21,0,25,21,4,16,16,0.84,1.31,1.56,1.56,42.4289466,-71.0627302,6411,32.64,0.64,33.27,90,43448,0,0,2,1,1,0.06,0,16,0,2.00,0.00,1.00,0.00,1450.00,725.00,0.00,0,1,0,0,0.00,0.00
134,25017341300,129,Medford Street,02148,Malden,NA,129 Medford Street,1900,NA,No,NA,"Parking is provided on a first come, first served basis",No,Apartments,0,83,8,3,94,0,0,0,0,0,0,1,0,1,2,0,0,0,0,0,NA,1511,1760,2392,NA,NA,NA,NA,84,0,37,0,84,37,47,94,92,0.44,0.40,0.91,0.89,42.4186277,-71.0709013,5363,4.58,30.18,34.75,80,27966,0,0,1,2,1,0.00,81,8,3,1.15,0.88,0.09,0.03,1560.31,1358.05,0.00,1,0,0,0,0.00,0.00
135,25017341102,134,Summer Street,02148,Malden,NA,134 Summer Street,1964,NA,Yes,NA,Residents may park on-street,No,Apartments,0,40,10,0,50,0,0,0,0,0,0,0,0,0,0,0,0,0,0,0,NA,1350,1600,NA,NA,NA,NA,NA,47,0,32,0,47,32,15,50,50,0.68,0.64,0.94,0.94,42.4312466,-71.0748939,4203,36.81,3.00,39.81,84,46773,1,1,2,2,1,0.00,40,10,0,1.20,0.80,0.20,0.00,1400.00,1166.67,0.00,1,1,0,0,0.00,0.00
136,25025140300,1344,Hyde Park Avenue,02136,Boston,Hyde Park,Blake Estates,NA,Beacon Communities,Yes,NA,There is no option for additional parking,Yes,Apartments,0,254,9,0,263,0,0,0,0,0,0,1,0,0,1,0,254,9,0,263,NA,2250,2750,NA,NA,NA,NA,NA,65,0,37,0,65,37,28,263,262,0.57,0.14,0.25,0.25,42.2520562,-71.1246594,7361,19.69,8.81,28.50,80,63706,0,1,NA,3,1,1.00,253,9,0,1.03,0.97,0.03,0.00,2267.11,2192.10,0.00,0,1,0,0,0.00,0.00
137,25017342400,135,Broadway,02149,Everett,NA,135 Broadway,1988,NA,Yes,NA,NA,No,Apartments,12,0,0,0,12,12,0,0,0,0,0,0,0,0,0,0,0,0,0,0,900,NA,NA,NA,NA,NA,NA,NA,0,12,0,9,12,9,3,12,12,0.75,0.75,1.00,1.00,42.398159,-71.063316,6963,3.95,9.00,12.95,59,50991,0,0,2,1,1,0.00,12,0,0,1.00,1.00,0.00,0.00,900.00,900.00,12.00,0,1,0,0,0.00,0.00
138,25017341102,135,Summer Street,02148,Malden,NA,135 Summer Street,1962,NA,No,$100 ,NA,No,Apartments,0,16,0,0,16,0,0,0,0,0,0,0,0,0,0,0,0,0,0,0,NA,NA,NA,NA,NA,NA,NA,NA,28,0,20,0,28,20,8,16,16,0.71,1.25,1.75,1.75,42.4314413,-71.0744065,4203,36.81,3.00,39.81,79,55875,1,1,2,1,1,0.00,16,0,0,1.00,1.00,0.00,0.00,NA,NA,0.00,1,0,100,1,NA,NA
139,25017341600,141,Pierce Street,02148,Malden,NA,141 Pierce Street,1966,NA,NA,NA,"If a unit request an additional parking space, they must pay for the space separate from the rental price",No,Condominiums,0,0,0,0,0,0,0,64,0,64,0,0,0,0,0,0,0,0,0,0,NA,NA,NA,NA,NA,NA,NA,NA,78,0,61,0,78,61,17,64,64,0.78,0.95,1.22,1.22,42.435084,-71.0600374,6411,27.28,0.20,27.48,56,12448,0,0,2,2,0,0.00,0,64,0,2.00,0.00,1.00,0.00,NA,NA,0.00,1,0,0,0,NA,NA
140,25017353000,144,Prospect Street,02139,Cambridge,Central,Scouting Way,2005,Just-A-Start Corp,Yes,NA,There is no option for additional parking,No,Apartments,0,0,5,8,13,0,0,0,0,0,0,0,0,0,0,0,0,3,5,8,NA,NA,1250,1750,NA,NA,NA,NA,7,0,5,0,7,5,2,13,13,0.71,0.38,0.54,0.54,42.3687373,-71.1012669,3609,17.18,43.70,60.88,95,507126,1,0,3,1,1,0.62,0,5,8,2.62,0.00,0.38,0.62,1557.69,595.59,0.00,1,1,0,0,0.00,0.00
141,25017341101,145,Glenwood Street,02148,Malden,NA,145 Glenwood Street,1900,NA,NA,NA,Residents may rent spaces from one another,No,Condominiums,0,0,0,0,0,0,0,0,0,24,0,0,0,0,0,0,0,0,0,0,NA,NA,NA,NA,NA,NA,NA,NA,48,0,35,0,48,35,13,24,24,0.73,1.46,2.00,2.00,42.4344436,-71.0784223,4031,9.14,0.63,9.77,37,17904,1,0,1,1,0,0.00,11,11,2,1.63,0.46,0.46,0.08,NA,NA,0.00,0,0,0,0,NA,NA
142,25025160101,146,Library Street,02150,Chelsea,NA,146 Library Street,2007,NA,Yes,NA,NA,No,Condominiums,0,0,0,0,0,0,0,12,14,26,0,0,0,0,0,0,0,0,0,0,NA,NA,NA,NA,NA,NA,NA,NA,20,0,17,0,20,17,3,26,26,0.85,0.65,0.77,0.77,42.3926505,-71.0268437,9286,68.29,2.79,71.08,79,84836,0,1,3,2,0,0.00,0,12,14,2.54,0.00,0.46,0.54,NA,NA,0.00,0,1,0,0,NA,NA
143,25017342500,148,Chelsea Street,02149,Everett,NA,148 Chelsea Street,1921,NA,Yes,NA,Residents may park on-street,No,Apartments,0,12,0,0,12,0,0,0,0,0,0,0,0,0,0,0,1,0,0,1,NA,1100,NA,NA,NA,NA,NA,NA,17,0,16,0,17,16,1,12,12,0.94,1.33,1.42,1.42,42.4046703,-71.0495446,8050,32.39,12.46,44.85,87,36376,0,0,1,1,1,0.08,12,0,0,1.00,1.00,0.00,0.00,1100.00,1100.00,0.00,0,1,0,0,0.00,0.00
144,25025130406,15,Mann Street,02132,Boston,West Roxbury,15 Mann Street,NA,Chestnut Hill Realty,No,$30 ,Parking is not included with rent/purchase price-- residents pay for each space requested,No,Apartments,0,6,6,0,12,0,0,0,0,0,0,1,0,0,1,0,0,0,0,0,1750,2250,NA,NA,NA,NA,NA,NA,10,0,9,0,10,9,1,12,11,0.90,0.82,0.91,0.83,42.2636834,-71.152789,6011,16.88,0.91,17.79,55,13824,0,0,NA,1,1,0.00,5,6,0,1.55,0.45,0.55,0.00,2250.00,2250.00,0.00,0,0,30,1,0.01,0.01
145,25025091400,150,Magnolia Street,02125,Boston,Dorchester,Sister Clara Muhammed Housing Coop.,2002,Winn Residential,Yes,NA,There is no option for additional parking,No,Apartments,0,0,8,17,25,0,0,0,0,0,0,0,0,0,0,0,0,6,14,20,NA,NA,1250,1750,NA,NA,NA,NA,22,0,11,0,22,11,11,25,25,0.50,0.44,0.88,0.88,42.3138613,-71.0717834,3089,31.56,37.19,68.76,84,64130,0,1,3,2,1,0.80,0,8,17,2.68,0.00,0.32,0.68,1590.00,593.28,0.00,0,1,0,0,0.00,0.00
146,25017339801,150,Rivers Edge Drive,02155,Medford,NA,RE150,2017,Gables Residential,Yes,$0 ,"If a unit request an additional parking space, they must pay for the space separate from the rental price",Yes,Apartments,0,0,0,0,282,0,0,0,0,0,0,0,0,0,11,0,0,0,0,0,NA,NA,NA,NA,NA,NA,NA,NA,0,482,0,299,482,299,183,282,271,0.62,1.10,1.78,1.71,42.410704,-71.0759617,4938,16.23,10.29,26.51,41,23200,0,0,3,3,1,0.00,145,110,16,1.52,0.54,0.41,0.06,NA,NA,482.00,0,1,0,0,NA,NA
147,25025130402,1522,VFW Parkway,02132,Boston,West Roxbury,Marshview Place,2015,NA,Yes,NA,There is no option for additional parking,No,Apartments,0,13,15,0,28,0,0,0,0,0,0,0,0,0,0,0,0,0,0,0,NA,2200,2500,NA,NA,NA,NA,NA,0,31,21,0,31,21,10,28,28,0.68,0.75,1.11,1.11,42.2684525,-71.1707983,5078,8.25,4.08,12.33,52,6683,0,0,3,2,1,0.00,13,15,0,1.54,0.46,0.54,0.00,2360.71,1537.21,31.00,0,1,0,0,0.00,0.00
148,25017341901,1538,Eastern Avenue,02148,Malden,NA,1538 Eastern Avenue,1970,NA,Yes,NA,There is no option for additional parking,No,Apartments,1,11,0,0,12,0,0,0,0,0,0,0,0,0,0,0,0,0,0,0,NA,NA,NA,NA,NA,NA,NA,NA,17,0,9,0,17,9,8,12,12,0.53,0.75,1.42,1.42,42.431763,-71.0268636,1426,4.65,1.74,6.39,67,22776,0,0,2,1,1,0.00,12,0,0,1.00,1.00,0.00,0.00,NA,NA,0.00,0,1,0,0,NA,NA
149,25025081300,1542,Columbus Avenue,02119,Boston,Roxbury,Jackson Commons,2016,Winn Residential,Yes,NA,There is no option for additional parking,No,Apartments,0,5,19,5,29,0,0,0,0,0,0,0,0,0,0,0,0,0,0,0,NA,1250,1750,2250,NA,NA,NA,NA,30,0,24,0,30,24,6,29,29,0.80,0.83,1.03,1.03,42.3231144,-71.0981526,5573,33.89,12.10,45.99,88,285647,1,0,3,2,1,0.00,5,19,5,2.00,0.17,0.66,0.17,1750.00,875.00,0.00,0,1,0,0,0.00,0.00
150,25025120500,155,Lamartine Street,02130,Boston,Jamaica Plain,Nate Smith Housing Corporation,NA,Peabody Properties,No,$0 ,There is no option for additional parking,No,Apartments,0,44,1,0,45,0,0,0,0,0,0,0,0,0,0,0,44,0,0,44,NA,1000,1000,NA,NA,NA,NA,NA,10,0,3,0,10,3,7,45,45,0.30,0.07,0.22,0.22,42.3181431,-71.1045125,2685,32.98,3.55,36.54,90,235358,1,0,NA,2,1,0.98,44,1,0,1.02,0.98,0.02,0.00,1000.00,978.26,0.00,0,0,0,0,0.00,0.00
151,25025090100,157,Washington Street,02121,Boston,Dorchester,"157 Washington Street AB&W, LLC",2011,Winn Residential,No,NA,There is no option for additional parking,No,Apartments,0,5,16,3,24,0,0,0,0,0,0,0,1,0,1,0,3,8,3,14,NA,1250,1250,1750,NA,NA,NA,NA,22,0,11,0,22,11,11,24,23,0.50,0.48,0.96,0.92,42.3040014,-71.0795365,4949,43.17,2.81,45.98,89,61392,0,1,3,1,1,0.58,5,15,3,1.91,0.22,0.65,0.13,1312.50,684.78,0.00,0,0,0,0,0.00,0.00
152,25017342500,16,Summer Street,02149,Everett,NA,16 Summer Street,1930,NA,No,$75 ,Parking is not included with rent/purchase price-- residents pay for each space requested,No,Apartments,4,44,8,2,58,4,0,0,0,0,0,0,0,0,0,0,2,0,0,2,950,1100,1400,1800,NA,NA,NA,NA,15,0,13,0,15,13,2,58,58,0.87,0.22,0.26,0.26,42.4089182,-71.0527018,8050,47.45,3.63,51.08,92,38543,0,0,1,2,1,0.03,49,7,2,1.19,0.84,0.12,0.03,1155.17,957.14,0.00,0,0,75,1,0.06,0.08
153,25017373900,160,Boylston Street,02467,Newton,NA,Avalon at Chestnut Hill,2010,Avalon Bay Communities,No,$125 ,Parking is not included with rent/purchase price-- residents pay for each space requested,No,Apartments,5,36,113,50,204,0,0,0,0,0,0,0,2,5,7,1,8,25,9,43,2250,3000,3000,3000,NA,NA,NA,NA,16,388,11,237,404,248,156,204,197,0.61,1.26,2.05,1.98,42.3198846,-71.1740734,6181,7.66,4.78,12.44,51,5041,0,0,3,3,1,0.21,40,109,48,2.04,0.20,0.55,0.24,2981.62,1458.63,24.25,0,0,125,1,0.04,0.09
154,25025160300,160,Commandants Way,02150,Chelsea,NA,160 Commandants Way,1987,NA,Yes,NA,Residents may rent spaces from one another,No,Condominiums,0,0,0,0,0,0,10,52,0,62,0,0,0,0,0,0,0,0,0,0,NA,NA,NA,NA,NA,NA,NA,NA,92,0,71,0,92,71,21,62,62,0.77,1.15,1.48,1.48,42.389452,-71.0513274,2476,19.33,3.60,22.93,28,19710,0,0,2,2,0,0.00,10,52,0,1.84,0.16,0.84,0.00,NA,NA,0.00,0,1,0,0,NA,NA
155,25017341300,160,Pleasant Street,02148,Malden,NA,160 Pleasant Street Apartments,2007,Combined Properties,No,$75-100,Parking is not included with rent/purchase price-- residents pay for each space requested,No,Apartments,10,98,98,0,206,0,0,0,0,0,0,7,8,0,15,0,0,0,0,0,1750,1750,2750,NA,NA,NA,NA,NA,0,133,0,69,133,69,64,206,191,0.52,0.36,0.70,0.65,42.4268206,-71.0715513,5363,4.58,30.18,34.75,93,120235,1,1,3,3,1,0.00,100,91,0,1.48,0.52,0.48,0.00,2225.73,1508.22,133.00,1,0,75,1,0.03,0.05
156,25017341300,17,Washington Street,02148,Malden,NA,17 Washington Street,1925,NA,No,$75 ,NA,No,Apartments,36,36,5,0,77,0,0,0,0,0,0,0,0,0,0,0,0,0,0,0,1200,1450,1800,NA,NA,NA,NA,NA,21,0,17,0,21,17,4,77,77,0.81,0.22,0.27,0.27,42.4278458,-71.0705085,5363,45.57,49.67,95.24,93,73308,1,1,1,2,1,0.00,72,5,0,1.06,0.94,0.06,0.00,1355.84,1273.17,0.00,1,0,75,1,0.06,0.06
157,25017374100,173-193,Oak Street,02464,Newton,NA,Village Falls Condominium Trust,1988,"Thayer and Associates, Inc.",Yes,NA,"If a unit request an additional parking space, they must pay for the space separate from the rental price",No,Condominiums,0,0,0,0,0,0,13,109,0,122,0,0,0,0,0,0,0,14,0,14,NA,1750,2750,NA,NA,NA,NA,NA,0,243,0,127,243,127,116,122,122,0.52,1.04,1.99,1.99,42.3074865,-71.2179064,4934,7.23,12.94,20.17,80,25559,0,0,2,3,0,0.11,13,109,0,1.89,0.11,0.89,0.00,NA,NA,243.00,1,0,0,0,NA,NA
158,25017341101,175,Summer Street,02148,Malden,NA,175 Summer Street,1968,NA,Yes,$0 ,NA,No,Apartments,0,1,15,0,16,0,0,0,0,0,0,0,0,0,0,0,1,10,0,11,NA,NA,NA,NA,NA,NA,NA,NA,16,0,9,0,16,9,7,16,16,0.56,0.56,1.00,1.00,42.4328034,-71.0748939,4031,26.84,0.25,27.09,71,46438,1,1,2,1,1,0.69,1,15,0,1.94,0.06,0.94,0.00,NA,NA,0.00,0,1,0,0,NA,NA
159,25017336402,"175, 189, 191",Wyoming West Avenue,02176,Melrose,NA,"175, 189, 191 Wyoming West Avenue",1957,NA,Yes,$0 ,There is no option for additional parking,No,Apartments,0,36,12,0,48,0,0,0,0,0,0,0,0,0,0,0,0,0,0,0,NA,NA,NA,NA,NA,NA,NA,NA,64,0,53,0,64,53,11,64,64,0.83,0.83,1.00,1.00,42.4544521,-71.0761242,5079,15.75,0.39,16.14,64,16706,0,1,2,2,1,0.00,48,16,0,1.25,0.75,0.25,0.00,NA,NA,0.00,0,1,0,0,NA,NA
160,25017336200,180,Green Street ,02176,Melrose,NA,180 Green Street ,1987,NA,Yes,$0 ,"Parking is provided on a first come, first served basis",No,Condominiums,0,0,0,0,0,0,21,59,0,80,0,0,0,0,0,0,0,0,0,0,NA,NA,NA,NA,NA,NA,NA,NA,100,19,78,12,119,90,29,80,80,0.76,1.13,1.49,1.49,42.4656811,-71.0606409,6045,16.42,3.62,20.04,72,17198,0,1,2,2,0,0.00,21,59,0,1.74,0.26,0.74,0.00,NA,NA,0.19,1,1,0,0,NA,NA
161,25017336401,181,Pleasant Street,02176,Melrose,NA,181 Pleasant Street,1968,NA,Yes,$60 ,"Parking is provided on a first come, first served basis",No,Apartments,2,132,132,0,266,0,0,0,0,0,0,0,0,0,0,0,15,3,0,18,925,1240,1450,NA,NA,NA,NA,NA,323,0,277,0,323,277,46,266,266,0.86,1.04,1.21,1.21,42.4467593,-71.0715867,4744,7.38,1.01,8.39,60,16199,0,1,2,3,1,0.07,134,132,0,1.50,0.50,0.50,0.00,1341.84,896.81,0.00,0,1,60,1,0.04,0.07
162,25025160101,181,Highland Street,02150,Chelsea,NA,181 Highland Street,2007,NA,Yes,NA,NA,No,Apartments,0,5,12,3,20,0,0,0,0,0,0,0,0,0,0,0,3,4,3,10,NA,1087,1260,1717,NA,NA,NA,NA,12,0,12,0,12,12,0,20,20,1.00,0.60,0.60,0.60,42.3930061,-71.0281869,9286,68.29,2.79,71.08,84,84836,0,1,3,1,1,0.50,5,12,3,1.90,0.25,0.60,0.15,1285.30,676.47,0.00,0,1,0,0,0.00,0.00
163,25017354600,181,Walden Street,02140,Cambridge,Porter,Lincoln Way Apartments,2012,Cambridge Housing Authority,Yes,NA,There is no option for additional parking,No,Apartments,0,6,18,46,70,0,0,0,0,0,0,0,2,0,2,0,6,18,46,70,NA,1000,1250,1250,NA,NA,NA,NA,54,0,40,0,54,40,14,70,68,0.74,0.59,0.79,0.77,42.38794,-71.128868,5585,37.07,6.97,44.04,81,64207,1,1,3,2,1,1.00,6,17,45,2.57,0.09,0.25,0.66,1228.57,477.78,0.00,0,1,0,0,0.00,0.00
164,25025160501,183,Washington Avenue,02150,Chelsea,NA,183 Washington Avenue,1910,NA,Yes,$65 ,"If a unit request an additional parking space, they must pay for the space separate from the rental price",No,Apartments,0,12,8,0,20,0,0,0,0,0,0,0,0,0,0,0,1,0,0,1,NA,1200,1595,NA,NA,NA,NA,NA,0,24,0,18,24,18,6,20,20,0.75,0.90,1.20,1.20,42.3988392,-71.0310656,5145,77.36,3.10,80.46,83,74559,0,1,1,1,1,0.05,12,8,0,1.40,0.60,0.40,0.00,1358.00,970.00,24.00,1,1,65,1,0.05,0.07
165,25017336402,185,Essex Street,02176,Melrose,NA,185 Essex Street,1947,NA,Yes,NA,"If a unit request an additional parking space, they must pay for the space separate from the rental price",No,Condominiums,0,0,0,0,0,0,0,16,0,16,0,0,0,0,0,0,0,2,0,2,NA,NA,NA,NA,NA,NA,NA,NA,26,0,23,0,26,23,3,16,16,0.88,1.44,1.63,1.63,42.4581256,-71.0686728,5079,17.36,20.17,37.53,90,17597,0,1,2,1,0,0.13,0,16,0,2.00,0.00,1.00,0.00,NA,NA,0.00,1,1,0,0,NA,NA
166,25025160501,185,Washington Avenue,02150,Chelsea,NA,185 Washington Avenue,1900,NA,No,$70 ,Parking is not included with rent/purchase price-- residents pay for each space requested,No,Apartments,0,12,6,0,18,0,0,0,0,0,0,0,0,0,0,0,1,3,0,4,NA,1000,1100,NA,NA,NA,NA,NA,1,3,0,3,4,3,1,18,18,0.75,0.17,0.22,0.22,42.3989611,-71.0313442,5145,77.36,3.10,80.46,83,74559,0,1,1,1,1,0.22,12,6,0,1.33,0.67,0.33,0.00,1033.33,775.00,3.00,0,0,70,1,0.07,0.09
167,25025092200,19-21,Faulkner Street,02122,Boston,Dorchester,19-21,2002,Trinity Management Company,Yes,NA,There is no option for additional parking,No,Apartments,0,0,3,3,6,0,0,0,0,0,0,0,0,0,0,0,0,1,2,3,NA,NA,1250,1750,NA,NA,NA,NA,10,0,7,0,10,7,3,6,6,0.70,1.17,1.67,1.67,42.29965,-71.0613759,3265,23.13,7.77,30.90,92,273176,1,0,3,1,1,0.50,0,3,3,2.50,0.00,0.50,0.50,1500.00,600.00,0.00,0,1,0,0,0.00,0.00
168,25017374400,1940,Washington Street,02466,Newton,NA,Woodland Station Apartments,2010,National Development,Yes,NA,"If a unit request an additional parking space, they must pay for the space separate from the rental price",No,Apartments,0,75,96,9,180,0,0,0,0,0,0,0,3,2,5,0,17,17,2,36,NA,2250,3000,3000,NA,NA,NA,NA,0,268,0,240,268,240,28,180,175,0.90,1.37,1.53,1.49,42.3331026,-71.2427809,6359,4.99,1.49,6.48,13,21411,1,0,3,3,1,0.20,73,93,9,1.63,0.42,0.53,0.05,2687.50,1645.41,268.00,0,1,0,0,0.00,0.00
169,25017341102,198,Clifton Street,02148,Malden,NA,198 Clifton Street,1920,NA,Yes,NA,"Parking is provided on a first come, first served basis",No,Apartments,0,8,0,2,10,0,0,0,0,0,0,0,0,0,0,0,0,0,0,0,NA,1350,NA,1600,NA,NA,NA,NA,16,0,9,0,16,9,7,10,10,0.56,0.90,1.60,1.60,42.4315414,-71.0760778,4203,36.81,3.00,39.81,73,46773,1,1,1,1,1,0.00,8,0,2,1.40,0.80,0.00,0.20,1400.00,1000.00,0.00,0,1,0,0,0.00,0.00
170,25021417200,2,Hancock Street,02171,Quincy,NA,Neponset Landing,2010,Greystar,Yes,$45-$80,"If a unit request an additional parking space, they must pay for the space separate from the rental price",Yes,Apartments,0,142,138,0,280,0,0,0,0,0,0,7,9,0,16,0,14,14,0,28,NA,2250,2750,NA,NA,NA,NA,NA,120,306,117,163,426,280,146,280,264,0.66,1.06,1.61,1.52,42.2833399,-71.0366837,7931,9.88,39.93,49.81,48,27416,0,0,3,3,1,0.10,134,130,0,1.49,0.51,0.49,0.00,2496.43,1672.25,2.55,0,1,45,1,0.02,0.03
171,25025081300,20,Amory Avenue,02119,Boston,Roxbury,Amory Terrace,2005,Winn Residential,Yes,NA,There is no option for additional parking,No,Apartments,0,15,29,10,54,0,0,0,0,0,0,0,0,0,0,0,15,29,10,54,NA,1250,1750,2250,NA,NA,NA,NA,30,0,22,0,30,22,8,54,54,0.73,0.41,0.56,0.56,42.3206074,-71.1001453,5573,35.20,13.78,48.98,82,269176,1,0,3,2,1,1.00,15,29,10,1.91,0.28,0.54,0.19,1703.70,893.20,0.00,0,1,0,0,0.00,0.00
172,25017370102,20,Watertown Street,02472,Watertown,NA,Watertown Square Archstone Apartments,2004,Equity Residential,No,"$60 for the first parking space, $125 for additional",Parking is not included with rent/purchase price-- residents pay for each space requested,No,Apartments,16,64,54,0,134,0,0,0,0,0,0,0,0,0,5,2,6,5,0,13,1750,1750,1750,NA,NA,NA,NA,NA,0,185,0,131,185,131,54,134,129,0.71,1.02,1.43,1.38,42.3644282,-71.1863825,7938,16.57,15.36,31.93,85,66013,0,0,3,3,1,0.10,77,52,0,1.40,0.60,0.40,0.00,1750.00,1247.34,185.00,0,0,60,1,0.03,0.05
173,25025160300,200,Captains Row,02150,Chelsea,NA,200 Captains Row,1987,NA,Yes,$0 ,NA,No,Condominiums,0,0,0,0,0,0,10,38,0,48,0,0,0,0,0,0,0,0,0,0,NA,NA,NA,NA,NA,NA,NA,NA,66,0,43,0,66,43,23,48,48,0.65,0.90,1.38,1.38,42.390839,-71.046568,2476,19.33,3.60,22.93,60,23089,0,0,2,2,0,0.00,10,38,0,1.79,0.21,0.79,0.00,NA,NA,0.00,0,1,0,0,NA,NA
174,25017370400,202,Arsenal Street,02472,Watertown,NA,Gables-Arsenal Street,2015,Gables Residential,Yes,$100 ,NA,No,Apartments,0,120,100,76,297,0,0,0,0,0,0,0,0,0,23,0,0,0,0,30,NA,2750,3000,3000,NA,NA,NA,NA,16,346,8,213,362,221,141,297,274,0.61,0.81,1.32,1.22,42.3646413,-71.1739545,5275,12.14,6.14,18.29,67,61759,0,0,3,3,1,0.10,111,93,70,1.85,0.41,0.34,0.26,2898.65,1565.69,21.63,1,1,100,1,0.03,0.06
175,25025160400,202,Chestnut Street,02150,Chelsea,NA,202 Chestnut Street,1900,NA,No,$0 ,"Parking is provided on a first come, first served basis",No,Apartments,0,4,11,2,17,0,0,0,0,0,0,0,0,0,0,0,0,0,0,0,NA,750,850,1050,NA,NA,NA,NA,10,0,7,0,10,7,3,17,17,0.70,0.41,0.59,0.59,42.392672,-71.0366372,3054,43.48,55.92,99.40,91,172232,0,1,1,1,1,0.00,4,11,2,1.88,0.24,0.65,0.12,850.00,451.56,0.00,0,0,0,0,0.00,0.00
176,25017356701,204,Massachusetts Avenue,02474,Arlington,NA,204 Massachusetts Avenue,1915,NA,NA,NA,NA,No,Apartments,0,0,0,0,23,0,0,0,0,0,0,0,0,0,0,0,0,0,0,0,NA,NA,NA,NA,NA,NA,NA,NA,5,0,4,0,5,4,1,23,23,0.80,0.17,0.22,0.22,42.4058566,-71.1427396,6115,27.86,6.94,34.80,88,52971,0,0,1,1,1,0.00,10,11,2,1.65,0.43,0.48,0.09,NA,NA,0.00,0,NA,0,0,NA,NA
177,25025080300,207 225,Dudley Street,02119,Boston,Roxbury,Dudley Greenville Housing,2014,Winn Residential,No,NA,There is no option for additional parking,No,Apartments,0,5,22,16,43,0,0,0,0,0,0,0,0,0,0,0,4,21,16,41,NA,1250,1250,3000,NA,NA,NA,NA,20,0,19,0,20,19,1,43,43,0.95,0.44,0.47,0.47,42.3284236,-71.0803489,2342,35.26,3.48,38.73,92,257892,1,0,3,2,1,0.95,5,22,16,2.26,0.12,0.51,0.37,1901.16,842.78,0.00,0,0,0,0,0.00,0.00
178,25025160101,21,Gerrish Avenue,02150,Chelsea,NA,21 Gerrish Avenue,2007,NA,Yes,NA,"Parking is provided on a first come, first served basis",No,Apartments,0,0,10,2,12,0,0,0,0,0,0,0,0,0,0,0,0,4,2,6,NA,NA,1243,1717,NA,NA,NA,NA,13,0,12,0,13,12,1,12,12,0.92,1.00,1.08,1.08,42.3939505,-71.0303459,9286,68.29,2.79,71.08,91,111608,0,1,3,1,1,0.50,0,10,2,2.17,0.00,0.83,0.17,1322.00,610.15,0.00,0,1,0,0,0.00,0.00
179,25025081800,215-232,Blue Hill Avenue,02119,Boston,Roxbury,Kasanof,2015,Winn Residential,Yes,NA,There is no option for additional parking,No,Apartments,0,11,25,12,48,0,0,0,0,0,0,0,1,0,1,0,7,16,8,31,NA,1250,1750,2250,NA,NA,NA,NA,54,0,29,0,54,29,25,48,47,0.54,0.62,1.15,1.13,42.3171306,-71.0781696,3535,30.97,4.38,35.35,78,155101,0,0,3,2,1,0.65,11,24,12,2.02,0.23,0.51,0.26,1760.42,871.13,0.00,0,1,0,0,0.00,0.00
180,25025160502,215,Spencer Avenue,02150,Chelsea,NA,Spencer Row,2011,NA,Yes,NA,NA,No,Apartments,0,7,18,7,32,0,0,0,0,0,0,0,0,0,0,0,5,12,7,24,NA,1052,1261,1457,NA,NA,NA,NA,0,23,0,23,23,23,0,32,32,1.00,0.72,0.72,0.72,42.399612,-71.0208507,4832,15.22,15.43,30.65,76,27338,0,0,3,2,1,0.75,7,18,7,2.00,0.22,0.56,0.22,1258.16,629.08,23.00,0,1,0,0,0.00,0.00
181,25017342600,22,Irving Street,02149,Everett,NA,22 Irving Street,1975,NA,Yes,$0 ,There is no option for additional parking,No,Condominiums,0,1,15,0,16,0,1,15,0,16,0,0,0,0,0,0,0,0,0,16,NA,NA,NA,NA,NA,NA,NA,NA,16,0,16,0,16,16,0,32,32,1.00,0.50,0.50,0.50,42.4038338,-71.0463875,5263,57.68,1.60,59.27,87,33016,0,0,2,2,1,0.50,2,30,0,1.94,0.06,0.94,0.00,NA,NA,0.00,0,1,0,0,NA,NA
182,25025091800,22,Beechwood Street,02121,Boston,Dorchester,Geneva Elderly Housing,2005,Maloney Properties,Yes,NA,"Parking is provided on a first come, first served basis",No,Apartments,0,45,0,0,45,0,0,0,0,0,0,0,0,0,0,0,45,0,0,45,NA,1000,NA,NA,NA,NA,NA,NA,8,0,6,0,8,6,2,45,45,0.75,0.13,0.18,0.18,42.3060172,-71.0748011,3631,19.74,5.27,25.01,81,89393,0,1,3,2,1,1.00,45,0,0,1.00,1.00,0.00,0.00,1000.00,1000.00,0.00,0,1,0,0,0.00,0.00
183,25017352101,22,Water Street,02141,Cambridge,East Cambridge,Zinc Apartments,2015,Greystar,No,$225-$375,Parking is not included with rent/purchase price-- residents pay for each space requested,No,Apartments,91,239,62,0,392,0,0,0,0,0,0,0,0,0,16,0,0,0,0,45,2800,3000,3000,NA,NA,NA,NA,NA,0,331,0,206,331,206,125,392,376,0.62,0.55,0.88,0.84,42.373028,-71.0785923,1915,6.31,2.89,9.20,81,338647,1,0,3,3,1,0.11,317,59,0,1.16,0.84,0.16,0.00,2953.57,2550.22,331.00,1,0,225,1,0.08,0.09
184,25025060800,225,Dorchester Street,02127,Boston,South Boston,St. Augustine's Condominiums,2016,Bridgestone Properties,Yes,NA,There is no option for additional parking,No,Condominiums,0,0,0,0,0,0,0,29,0,29,0,0,0,0,0,0,0,2,0,2,NA,NA,NA,NA,NA,NA,NA,NA,0,37,0,22,37,22,15,29,29,0.59,0.76,1.28,1.28,42.3334709,-71.0511232,4369,64.81,2.48,67.29,90,371131,1,0,3,2,0,0.07,0,29,0,2.00,0.00,1.00,0.00,NA,NA,37.00,0,1,0,0,NA,NA
185,25025101002,227-229,River Street,02126,Boston,Mattapan,Mattapan Heights III,2010,Trinity Management Company,Yes,NA,"Parking is provided on a first come, first served basis",No,Apartments,0,96,54,0,130,0,0,0,0,0,0,0,3,0,3,0,12,0,0,0,NA,1250,NA,NA,NA,NA,NA,NA,140,0,79,0,140,79,61,130,127,0.56,0.62,1.10,1.08,42.2715718,-71.0795731,5779,18.24,0.30,18.54,67,13575,1,0,3,3,1,0.00,81,46,0,1.36,0.64,0.36,0.00,1250.00,1250.00,0.00,0,1,0,0,0.00,0.00
186,25017342600,23,Ferry Street,02149,Everett,NA,23 Ferry Street,1997,NA,Yes,NA,NA,No,Apartments,0,11,7,0,18,0,0,0,0,0,0,0,0,0,0,0,0,0,0,0,NA,1100,1300,NA,NA,NA,NA,NA,18,17,10,11,35,21,14,18,18,0.60,1.17,1.94,1.94,42.4047819,-71.0475946,5263,57.68,1.60,59.27,89,32838,0,0,2,1,1,0.00,11,7,0,1.39,0.61,0.39,0.00,1177.78,848.00,0.94,0,1,0,0,0.00,0.00
187,25025090300,237,Quincy Street,02121,Boston,Dorchester,Quincy Heights,2015,United Housing Management,Yes,NA,There is no option for additional parking,No,Apartments,0,11,62,56,129,0,0,0,0,0,0,0,0,1,1,0,11,62,56,129,NA,2250,2250,3000,NA,NA,NA,NA,37,0,36,0,37,36,1,129,128,0.97,0.28,0.29,0.29,42.3121606,-71.0733865,3389,30.34,0.33,30.67,82,49661,0,0,3,3,1,1.00,10,62,56,2.36,0.08,0.48,0.44,2575.58,1096.53,0.00,0,1,0,0,0.00,0.00
188,25017354800,2377-2399,Massachusetts Avenue,02140,Cambridge,North Cambridge,Trolley Square,2007,Winn Residential,Yes,NA,"If a unit request an additional parking space, they must pay for the space separate from the rental price",No,Mix,0,4,22,14,40,0,0,0,0,0,0,0,0,0,0,0,4,22,14,40,NA,1250,1750,2250,NA,NA,NA,NA,0,41,0,21,41,21,20,40,40,0.51,0.53,1.03,1.03,42.3968773,-71.1299766,2167,27.08,8.05,35.13,93,90947,1,0,3,2,1,1.00,4,22,14,2.25,0.10,0.55,0.35,1875.00,833.33,41.00,1,1,0,0,0.00,0.00
189,25025081700,24-30,Rockland Street,02119,Boston,Roxbury,Rockland Street Elderly Housing,2015,Maloney Properties,Yes,NA,"Parking is provided on a first come, first served basis",No,Apartments,0,40,0,0,40,0,0,0,0,0,0,0,0,0,0,0,40,0,0,40,NA,1000,902,NA,NA,NA,NA,NA,5,0,5,0,5,5,0,40,40,1.00,0.13,0.13,0.13,42.3219336,-71.0840376,3882,26.53,9.93,36.46,78,155877,0,0,3,2,1,1.00,40,0,0,1.00,1.00,0.00,0.00,1000.00,1000.00,0.00,0,1,0,0,0.00,0.00
190,25017352500,243,Broadway,02139,Cambridge,East Cambridge,The Close Building,2010,Maloney Properties,Yes,NA,There is no option for additional parking,No,Apartments,6,49,6,0,61,0,0,0,0,0,0,0,0,0,0,6,49,6,0,61,NA,NA,NA,NA,NA,NA,NA,NA,15,0,8,0,15,8,7,61,61,0.53,0.13,0.25,0.25,42.367427,-71.095634,2828,42.90,6.59,49.49,93,334381,1,0,3,2,1,1.00,55,6,0,1.10,0.90,0.10,0.00,NA,NA,0.00,0,1,0,0,NA,NA
191,25017341600,244,Salem Street,02148,Malden,NA,244 Salem Street,1965,NA,NA,NA,"Parking is provided on a first come, first served basis",No,Condominiums,0,0,0,0,0,0,15,18,0,33,0,0,0,0,0,0,0,0,0,0,NA,NA,NA,NA,NA,NA,NA,NA,30,0,19,0,30,19,11,33,33,0.63,0.58,0.91,0.91,42.4307583,-71.059016,6411,27.28,0.20,27.48,82,40092,0,0,2,2,0,0.00,15,18,0,1.55,0.45,0.55,0.00,NA,NA,0.00,0,0,0,0,NA,NA
192,25017355000,2443,Massachusetts Avenue,02140,Cambridge,Porter,2443 Massachusetts Avenue,2001,Investments Unlimited,Yes,NA,Residents may park on-street or rent spaces off-site,No,Apartments,0,4,9,0,13,0,0,0,0,0,0,0,0,0,0,0,0,0,0,2,NA,2200,2650,NA,NA,NA,NA,NA,13,0,10,0,13,10,3,13,13,0.77,0.77,1.00,1.00,42.3981481,-71.1308361,3157,32.03,10.43,42.46,88,85692,1,0,3,1,1,0.15,4,9,0,1.69,0.31,0.69,0.00,2511.54,1484.09,0.00,0,1,0,0,0.00,0.00
193,25025050400,245,Sumner Street,02128,Boston,East Boston,245 Sumner Street,2017,Velkor Properties,Yes,NA,There is no option for additional parking,No,Apartments,0,0,26,8,34,0,0,0,0,0,0,0,0,0,0,0,0,4,1,5,NA,NA,2750,3000,NA,NA,NA,NA,0,34,0,26,34,26,8,34,34,0.76,0.76,1.00,1.00,42.3678956,-71.0384016,2560,86.29,4.81,91.11,88,389769,1,0,3,2,1,0.15,0,26,8,2.24,0.00,0.76,0.24,2808.82,1256.58,34.00,0,1,0,0,0.00,0.00
194,25025090700,246,Boston Street,02125,Boston,Dorchester,246 Boston Street Condominiums,2015,Bridgestone Properties,Yes,NA,There is no option for additional parking,No,Condominiums,0,0,0,0,0,0,0,9,0,9,0,0,1,0,1,0,0,0,0,0,NA,NA,NA,NA,NA,NA,NA,NA,9,0,7,0,9,7,2,9,8,0.78,0.88,1.13,1.00,42.3214211,-71.0611284,4179,43.43,8.05,51.48,89,256645,1,1,3,1,0,0.00,0,8,0,2.00,0.00,1.00,0.00,NA,NA,0.00,0,1,0,0,NA,NA
195,25017342400,25,Charlton Street,02149,Everett,NA,The Batch Yards,2014,Bozzuto,No,$75-$150,Parking is not included with rent/purchase price-- residents pay for each space requested,No,Apartments,26,187,106,9,328,0,0,0,0,0,2,13,9,0,24,0,0,0,0,0,1750,2250,2750,3000,NA,NA,NA,NA,0,479,0,417,479,417,62,328,304,0.87,1.37,1.58,1.46,42.4008604,-71.0630552,6963,3.95,9.00,12.95,74,76182,0,0,3,3,1,0.00,198,98,8,1.38,0.65,0.32,0.03,2392.53,1736.17,479.00,0,0,75,1,0.03,0.04
196,25025040801,250,First Avenue,02129,Boston,Charlestown,Harborview at the Navy Yard,2010,Lincoln Property Company,Yes,NA,"If a unit request an additional parking space, they must pay for the space separate from the rental price",Yes,Apartments,22,103,99,0,224,0,0,0,0,0,0,1,4,0,5,7,8,7,0,22,2250,2750,3000,3000,NA,NA,NA,NA,0,334,0,225,334,225,109,224,219,0.67,1.03,1.53,1.49,42.3773173,-71.0501018,4486,22.91,73.59,96.50,67,87138,0,0,3,3,1,0.10,122,97,0,1.44,0.56,0.44,0.00,2811.38,1949.69,334.00,1,1,0,0,0.00,0.00
197,25017356701,"252, 258-260",Massachusetts Avenue,02474,Arlington,NA,Capitol Square Apartments,1910,NA,Yes,NA,There is no option for additional parking,No,Apartments,5,18,9,0,32,0,0,0,0,0,0,0,1,0,1,5,18,9,0,32,900,1036,1139,NA,NA,NA,NA,NA,32,0,20,0,32,20,12,32,31,0.63,0.65,1.03,1.00,42.4074667,-71.1451214,6115,27.86,6.94,34.80,87,57363,0,0,1,2,1,1.00,22,9,0,1.29,0.71,0.29,0.00,1043.72,814.61,0.00,0,1,0,0,0.00,0.00
198,25025120500,270,Centre Street,02130,Boston,Jamaica Plain,CWL Housing LLC,2016,Peabody Properties,No,NA,NA,No,Apartments,4,4,20,2,30,0,0,0,0,0,0,0,0,0,0,4,4,1,2,11,1000,1250,1250,1250,NA,NA,NA,NA,16,0,13,0,16,13,3,30,30,0.81,0.43,0.53,0.53,42.3227005,-71.1009998,2685,32.98,3.55,36.54,89,407923,1,0,3,2,1,0.37,8,20,2,1.80,0.27,0.67,0.07,1216.67,675.93,0.00,0,0,0,0,0.00,0.00
199,25017352300,270,Third Street,02142,Cambridge,Kendall,Vivo,2016,AimCo,No,$325 ,Parking is not included with rent/purchase price-- residents pay for each space requested,No,Apartments,40,28,15,0,83,0,0,0,0,0,0,2,0,0,2,2,8,12,0,22,2750,3000,3000,NA,NA,NA,NA,NA,0,76,0,44,76,44,32,83,81,0.58,0.54,0.94,0.92,42.3660585,-71.0819506,4261,23.39,74.76,98.15,86,361553,1,0,3,2,1,0.27,66,15,0,1.19,0.81,0.19,0.00,2879.52,2438.78,76.00,0,0,325,1,0.11,0.13
200,25017342600,277,Chelsea Street,02149,Everett,NA,277 Chelsea Street,1983,NA,Yes,NA,There is no option for additional parking,No,Apartments,0,21,14,0,35,0,0,0,0,0,0,0,0,0,0,0,0,0,0,0,NA,1000,1100,NA,NA,NA,NA,NA,34,0,32,0,34,32,2,35,35,0.94,0.91,0.97,0.97,42.4026527,-71.0442517,5263,35.65,5.18,40.82,87,34186,0,0,2,2,1,0.00,21,14,0,1.40,0.60,0.40,0.00,1040.00,742.86,0.00,0,1,0,0,0.00,0.00
201,25025060600,273,D Street,02127,Boston,South Boston,Patriot Homes,2017,South Boston Neighborhood Development Corporation,Yes,$0 ,There is no option for additional parking,No,Apartments,12,2,10,0,24,0,0,0,0,0,0,0,0,0,0,12,2,10,0,24,1000,1000,1000,NA,NA,NA,NA,NA,10,0,8,0,10,8,2,24,24,0.80,0.33,0.42,0.42,42.3392055,-71.0499161,3219,10.43,82.78,93.21,94,392431,1,0,3,1,1,1.00,14,10,0,1.42,0.58,0.42,0.00,1000.00,705.88,0.00,0,1,0,0,0.00,0.00
202,25025092101,281-289,Adams Street,02122,Boston,Dorchester,Lucky Strike Residential,2016,BT Management,No,NA,There is no option for additional parking,No,Apartments,2,12,8,0,22,0,0,0,0,0,0,0,0,0,3,1,1,1,0,3,1250,1750,2250,NA,NA,NA,NA,NA,13,0,12,0,13,12,1,22,19,0.92,0.63,0.68,0.59,42.2995913,-71.0588067,7141,29.29,23.66,52.94,93,118744,1,0,3,1,1,0.14,12,7,0,1.37,0.63,0.37,0.00,1886.36,1383.33,0.00,0,0,0,0,0.00,0.00
203,25025081300,2875,Washington Street,02119,Boston,Roxbury,Council Tower,2015,Rogerson,No,$0 ,There is no option for additional parking,Yes,Apartments,28,116,0,0,144,0,0,0,0,0,1,1,0,0,2,28,116,0,0,144,1250,1750,NA,NA,NA,NA,NA,NA,31,0,26,0,31,26,5,144,142,0.84,0.18,0.22,0.22,42.3204778,-71.0946709,5573,33.89,12.10,45.99,82,208348,1,0,3,3,1,1.00,142,0,0,1.00,1.00,0.00,0.00,1652.78,1652.78,0.00,0,0,0,0,0.00,0.00
204,25017336401,288,Main Street,02176,Melrose,NA,288 Main Street,1975,NA,Yes,$0 ,NA,No,Apartments,3,9,4,0,16,0,0,0,0,0,0,0,0,0,0,0,0,0,0,0,1300,1300,1300,NA,NA,NA,NA,NA,16,0,16,0,16,16,0,16,16,1.00,1.00,1.00,1.00,42.4505621,-71.0682086,4744,6.81,0.79,7.60,84,38566,0,1,2,1,1,0.00,12,4,0,1.25,0.75,0.25,0.00,1300.00,1040.00,0.00,0,1,0,0,0.00,0.00
205,25025081500,2918,Washington Street,02119,Boston,Roxbury,New Academy Estates,2001,Winn Residential,Yes,NA,NA,No,Apartments,0,37,75,84,196,0,0,0,0,0,0,0,0,0,18,0,37,75,84,196,NA,NA,NA,NA,NA,NA,NA,NA,214,0,149,0,214,149,65,196,178,0.70,0.84,1.20,1.09,42.3182453,-71.095612,2453,34.83,0.85,35.68,86,45985,1,0,3,3,1,1.00,34,68,76,2.24,0.19,0.38,0.43,NA,NA,0.00,0,1,0,0,NA,NA
206,25017356702,30-50,Mill Street,02476,Arlington,NA,30-50 Mill Street,2012,NA,No,$70-$95,"Parking is provided on a first come, first served basis",No,Apartments,18,35,63,0,116,0,0,0,0,0,3,1,2,0,6,3,5,9,0,17,2163,2485,3060,NA,NA,NA,NA,NA,36,88,22,77,124,99,25,116,110,0.80,0.90,1.13,1.07,42.4186327,-71.1588877,6898,10.73,21.26,31.99,82,16613,0,0,3,3,1,0.15,50,60,0,1.55,0.45,0.55,0.00,2747.32,1780.39,2.44,1,0,70,1,0.03,0.04
207,25017336401,12,Wyoming West Avenue,02176,Melrose,NA,12 Wyoming West Avenue,1900,NA,Yes,$0 ,"Parking is provided on a first come, first served basis",No,Condominiums,0,0,0,0,0,0,13,11,0,24,0,0,0,0,0,0,13,11,0,24,NA,NA,NA,NA,NA,NA,NA,NA,22,0,18,0,22,18,4,24,24,0.82,0.75,0.92,0.92,42.451408,-71.068079,4744,6.81,0.79,7.60,87,38566,0,1,1,1,0,1.00,13,11,0,1.46,0.54,0.46,0.00,NA,NA,0.00,0,1,0,0,NA,NA
208,25025060600,320,D Street,02127,Boston,South Boston,West Square Apartments,2015,Akelius Real Estate Management,No,$300 ,Parking is not included with rent/purchase price-- residents pay for each space requested,No,Apartments,37,144,74,0,255,0,0,0,0,0,2,2,5,0,9,5,18,10,0,32,2750,2750,3000,NA,NA,NA,NA,NA,0,247,0,168,247,168,79,255,246,0.68,0.68,1.00,0.97,42.3409851,-71.0496839,3219,10.43,82.78,93.21,92,399663,1,0,3,3,1,0.13,175,71,0,1.29,0.71,0.29,0.00,2822.55,2187.69,247.00,0,0,300,1,0.11,0.14
209,25025160300,325,Commandants Way,02150,Chelsea,NA,Axis Admiral's Hill,2009,Greystar,Yes,NA,"If a unit request an additional parking space, they must pay for the space separate from the rental price",No,Apartments,13,96,48,4,161,0,0,0,0,0,0,4,3,1,7,0,0,0,0,0,2250,2250,3000,3000,NA,NA,NA,NA,30,164,7,164,194,171,23,161,154,0.88,1.11,1.26,1.20,42.3925035,-71.0480125,2476,19.33,3.60,22.93,57,19710,0,0,3,3,1,0.00,104,46,4,1.35,0.68,0.30,0.03,2492.24,1849.08,5.47,0,1,0,0,0.00,0.00
210,25017352300,33,Rogers Street,02142,Cambridge,Kendall,Axiom,2015,AimCo,No,$300 ,Parking is not included with rent/purchase price-- residents pay for each space requested,No,Apartments,30,55,30,0,115,0,0,0,0,0,0,0,0,0,0,0,0,0,0,0,2750,3000,3000,NA,NA,NA,NA,NA,0,78,0,65,78,65,13,115,115,0.83,0.57,0.68,0.68,42.366073,-71.07863,4261,23.39,74.76,98.15,83,293024,1,0,3,3,1,0.00,85,30,0,1.26,0.74,0.26,0.00,2934.78,2327.59,78.00,0,0,300,1,0.10,0.13
211,25017341102,"33, 36",Maple Street,02148,Malden,NA,"33, 36 Maple Street",1974,NA,No,$200 ,NA,No,Apartments,68,0,0,0,68,0,0,0,0,0,0,0,0,0,0,0,0,0,0,0,NA,NA,NA,NA,NA,NA,NA,NA,22,0,19,0,22,19,3,64,64,0.86,0.30,0.34,0.34,42.4290649,-71.0747082,4203,27.90,7.73,35.62,86,101120,1,1,2,2,1,0.00,64,0,0,1.00,1.00,0.00,0.00,NA,NA,0.00,0,0,200,1,NA,NA
212,25025091900,"330, 335",Washington Street,02121,Boston,Dorchester,Upper Washington Apartments,2017,Trinity Management Company,Yes,NA,"Parking is provided on a first come, first served basis",No,Apartments,0,3,20,12,35,0,0,0,0,0,0,0,2,0,2,0,3,20,12,35,NA,1750,1750,2250,NA,NA,NA,NA,24,0,9,0,24,9,15,35,33,0.38,0.27,0.73,0.69,42.2995535,-71.0741656,4010,34.04,0.71,34.74,83,37258,0,1,3,2,1,1.00,3,19,11,2.24,0.09,0.58,0.33,1921.43,851.27,0.00,0,1,0,0,0.00,0.00
213,25017336401,333,Main Street,02176,Melrose,NA,333 Main Street,1961,NA,Yes,NA,There is no option for additional parking,No,Apartments,0,7,15,1,23,0,0,0,0,0,0,2,0,0,2,0,0,0,0,0,NA,1095,1195,1040,NA,NA,NA,NA,23,0,15,0,23,15,8,23,21,0.65,0.71,1.10,1.00,42.4516316,-71.0670943,4744,15.47,1.80,17.27,88,35306,0,1,2,1,1,0.00,6,14,1,1.76,0.29,0.67,0.05,1157.83,665.75,0.00,0,1,0,0,0.00,0.00
214,25025070300,339-351,Tremont Street,02116,Boston,Chinatown,Tremont Village,2008,Maloney Properties,Yes,$0 ,"If a unit request an additional parking space, they must pay for the space separate from the rental price",No,Apartments,0,0,4,16,20,0,0,0,0,0,0,0,0,0,0,0,0,4,16,20,NA,NA,1000,1000,NA,NA,NA,NA,14,0,8,0,14,8,6,20,20,0.57,0.40,0.70,0.70,42.3486859,-71.0671785,4453,57.85,23.51,81.36,98,583110,1,1,3,1,1,1.00,0,4,16,2.80,0.00,0.20,0.80,1000.00,357.14,0.00,0,1,0,0,0.00,0.00
215,25025060600,339,D Street,02127,Boston,South Boston,Westside Crossing,2016,Akelius Real Estate Management,No,$250 ,Parking is not included with rent/purchase price-- residents pay for each space requested,No,Apartments,0,2,21,1,24,0,0,0,0,0,0,0,1,0,1,0,1,2,0,3,NA,1250,3000,3000,NA,NA,NA,NA,0,28,0,22,28,22,6,24,23,0.79,0.96,1.22,1.17,42.3402031,-71.0488018,3219,10.43,82.78,93.21,92,373147,1,0,3,1,1,0.13,2,20,1,1.96,0.09,0.87,0.04,2854.17,1457.45,28.00,0,0,250,1,0.09,0.17
216,25017339801,34,Brainard Avenue,02155,Medford,NA,Wellington Place,2007,Lincoln Property Company,Yes,NA,"If a unit request an additional parking space, they must pay for the space separate from the rental price",No,Apartments,0,53,84,0,137,0,0,0,0,0,0,0,6,0,6,0,2,3,0,5,NA,2400,2800,NA,NA,NA,NA,NA,281,0,167,0,281,167,114,137,131,0.59,1.27,2.15,2.05,42.405695,-71.077978,4938,26.41,6.72,33.13,29,14967,1,0,3,3,1,0.04,51,80,0,1.61,0.39,0.61,0.00,2556.57,1584.84,0.00,0,1,0,0,0.00,0.00
217,25025100800,341,Gallivan Boulevard,02125,Boston,Dorchester,Au Gallivan,2012,Trinity Management Company,Yes,NA,There is no option for additional parking,No,Apartments,0,5,5,0,10,0,0,0,0,0,0,0,1,0,1,0,0,0,0,0,NA,1750,2250,NA,NA,NA,NA,NA,7,0,6,0,7,6,1,10,9,0.86,0.67,0.78,0.70,42.2803184,-71.0639141,6583,9.56,15.10,24.67,76,19063,1,0,3,1,1,0.00,4,5,0,1.56,0.44,0.56,0.00,2000.00,1333.33,0.00,0,1,0,0,0.00,0.00
218,25017353700,35,Hovey Avenue,02138,Cambridge,Harvard,Hovey Ave Apartments,1970,Just-A-Start Corp,Yes,NA,There is no option for additional parking,No,Apartments,2,3,12,0,17,0,0,0,0,0,0,0,0,0,0,1,1,6,0,8,1000,1250,1250,NA,NA,NA,NA,NA,5,0,3,0,5,3,2,17,17,0.60,0.18,0.29,0.29,42.375804,-71.1077621,5641,26.77,37.95,64.72,90,136371,0,0,2,1,1,0.47,5,12,0,1.71,0.29,0.71,0.00,1220.59,715.52,0.00,1,1,0,0,0.00,0.00
219,25017351000,36,Linden Street,02143,Somerville,NA,Linden Street Apartments,2002,Wingate Management,No,NA,There is no option for additional parking,No,Apartments,0,1,30,11,42,0,0,0,0,0,0,0,0,0,24,0,0,0,0,28,NA,1250,1250,1750,NA,NA,NA,NA,43,0,25,0,43,25,18,42,18,0.58,1.39,2.39,1.02,42.388963,-71.1135068,7768,56.76,5.07,61.83,87,116392,0,0,3,2,1,0.67,0,13,5,2.28,0.00,0.72,0.28,1380.95,617.02,0.00,1,0,0,0,0.00,0.00
220,25017368800,36,River Street,02453,Waltham,NA,Currents on the Charles,2015,Bozzuto,No,$50 ,Parking is not included with rent/purchase price-- residents pay for each space requested,No,Apartments,7,107,82,4,200,0,0,0,0,0,0,4,0,0,4,1,10,8,1,20,2100,2400,3100,3700,NA,NA,NA,NA,17,281,17,218,298,235,63,200,196,0.79,1.20,1.52,1.49,42.3679311,-71.2167926,4712,6.51,15.75,22.26,76,29051,0,0,3,3,1,0.10,112,80,4,1.45,0.57,0.41,0.02,2572.50,1774.14,16.53,1,0,50,1,0.02,0.03
221,25017336100,37,Crystal Street,02176,Melrose,NA,37 Crystal Street,1968,NA,Yes,$0 ,There is no option for additional parking,No,Apartments,2,10,0,0,12,0,0,0,0,0,0,0,0,0,0,0,0,0,0,0,NA,NA,NA,NA,NA,NA,NA,NA,15,0,12,0,15,12,3,12,12,0.80,1.00,1.25,1.25,42.462519,-71.0627302,5691,7.39,9.02,16.41,83,16849,0,1,2,1,1,0.00,12,0,0,1.00,1.00,0.00,0.00,NA,NA,0.00,0,1,0,0,NA,NA
222,25017341300,39,Florence Street,02148,Malden,NA,Residences at Malden Station,2014,Corcoran Jennison,No,$50-$85,Parking is not included with rent/purchase price-- residents pay for each space requested,No,Apartments,18,39,27,0,84,0,0,0,0,0,1,2,1,0,4,0,0,0,0,0,1750,2250,2750,NA,NA,NA,NA,NA,30,0,26,0,30,26,4,84,80,0.87,0.33,0.38,0.36,42.4281271,-71.0724254,5363,45.57,49.67,95.24,91,98641,1,1,3,2,1,0.00,54,26,0,1.33,0.68,0.33,0.00,2303.57,1743.24,0.00,0,0,50,1,0.02,0.03
223,25025140300,39,Maple Street,02136,Boston,Hyde Park,Riley House,2007,Maloney Properties,Yes,NA,"Parking is provided on a first come, first served basis",No,Apartments,0,41,0,0,41,0,0,0,0,0,0,0,0,0,0,0,41,0,0,41,NA,1000,NA,NA,NA,NA,NA,NA,45,0,9,0,45,9,36,41,41,0.20,0.22,1.10,1.10,42.2547319,-71.1228954,7361,19.69,8.81,28.50,79,82153,0,1,3,2,1,1.00,41,0,0,1.00,1.00,0.00,0.00,1000.00,1000.00,0.00,0,1,0,0,0.00,0.00
224,25017341200,397,Highland Avenue,02148,Malden,NA,397 Highland Avenue,1920,NA,Yes,$0 ,There is no option for additional parking,No,Apartments,2,10,0,0,12,0,0,0,0,0,0,0,0,0,0,1,3,0,0,4,NA,NA,NA,NA,NA,NA,NA,NA,40,0,21,0,40,21,19,24,24,0.53,0.88,1.67,1.67,42.425897,-71.080513,7152,19.90,2.89,22.79,81,53511,1,1,1,1,1,0.17,24,0,0,1.00,1.00,0.00,0.00,NA,NA,0.00,0,1,0,0,NA,NA
225,25025130406,400A,Georgetown Drive,02136,Boston,Hyde Park,Georgetowne Homes One & Two,2015,Beacon Communities,Yes,NA,There is no option for additional parking,No,Apartments,0,121,801,45,967,0,0,0,0,0,0,1,14,1,16,0,92,566,23,681,NA,1250,1250,1750,NA,NA,NA,NA,1055,0,841,0,1055,841,214,967,951,0.80,0.88,1.11,1.09,42.2590158,-71.1454444,6011,45.13,1.35,46.48,27,5095,0,0,3,3,1,0.70,119,788,44,1.92,0.13,0.83,0.05,1273.27,662.67,0.00,1,1,0,0,0.00,0.00
226,25017356400,4105,Symmes Court,02474,Arlington,NA,4105 Symmes Court,2013,NA,No,"$75 for the  first parking space, $125 for additional",Parking is not included with rent/purchase price-- residents pay for each space requested,No,Apartments,15,47,80,22,164,0,0,0,0,0,0,0,0,0,0,3,9,15,8,35,NA,NA,NA,NA,NA,NA,NA,NA,80,283,36,80,363,116,247,164,164,0.32,0.71,2.21,2.21,42.424058,-71.161837,7505,10.53,0.24,10.78,45,13539,0,0,3,3,1,0.21,62,80,22,1.76,0.38,0.49,0.13,NA,NA,3.54,0,0,75,1,NA,NA
227,25017336402,42,Emerson West Street,02176,Melrose,NA,42 Emerson West Street,1960,NA,Yes,NA,There is no option for additional parking,No,Apartments,0,20,12,0,32,0,0,0,0,0,0,0,2,0,2,0,0,0,0,0,NA,1095,1195,NA,NA,NA,NA,NA,38,0,28,0,38,28,10,32,30,0.74,0.93,1.27,1.19,42.4586184,-71.0650515,5079,17.36,20.17,37.53,89,17861,0,1,2,2,1,0.00,19,11,0,1.37,0.63,0.37,0.00,1132.50,823.64,0.00,1,1,0,0,0.00,0.00
228,25017336100,43,Albion Street,02176,Melrose,NA,43 Albion Street,1976,NA,No,$0 ,There is no option for additional parking,No,Condominiums,0,0,0,0,0,0,1,30,0,31,0,0,0,0,0,0,0,0,0,0,NA,NA,NA,NA,NA,NA,NA,NA,31,0,14,0,31,14,17,31,31,0.45,0.45,1.00,1.00,42.4664161,-71.0646892,5691,7.39,9.02,16.41,72,16779,0,1,2,2,0,0.00,1,30,0,1.97,0.03,0.97,0.00,NA,NA,0.00,0,0,0,0,NA,NA
229,25017356701,438,Massachusetts Avenue,02474,Arlington,NA,438 Massachusetts Avenue,2000,NA,No,$125 ,Parking is not included with rent/purchase price-- residents pay for each space requested,No,Apartments,0,17,115,0,132,0,0,0,0,0,0,0,0,0,0,0,0,0,0,0,NA,2000,2600,NA,NA,NA,NA,NA,50,100,34,93,150,127,23,132,132,0.85,0.96,1.14,1.14,42.4137847,-71.1510627,6115,27.20,11.09,38.29,91,50572,0,0,2,3,1,0.00,17,115,0,1.87,0.13,0.87,0.00,2522.73,1348.18,2.00,1,0,125,1,0.05,0.09
230,25017350103,445,Artisan Way,02145,Somerville,NA,AVA Somerville,2012,Avalon Bay Communities,No,$100-$175,Parking is not included with rent/purchase price-- residents pay for each space requested,No,Apartments,25,89,136,0,250,0,0,0,0,0,2,0,4,0,6,4,12,16,0,32,2250,3000,3000,NA,NA,NA,NA,NA,0,339,0,203,339,203,136,250,244,0.60,0.83,1.39,1.36,42.3951316,-71.0786021,1388,0.00,22.32,22.32,81,184151,1,0,3,3,1,0.13,111,133,0,1.55,0.45,0.55,0.00,2925.00,1894.43,339.00,0,0,100,1,0.03,0.05
231,25025000802,446,Cambridge Street,02134,Boston,Allston,446 Cambridge Street,2017,NA,No,$150-$225,Parking is not included with rent/purchase price-- residents pay for each space requested,No,Apartments,0,18,19,3,40,0,0,0,0,0,0,0,2,0,2,0,2,3,0,5,NA,2750,3000,3000,NA,NA,NA,NA,0,40,0,22,40,22,18,40,38,0.55,0.58,1.05,1.00,42.3542862,-71.1356148,6598,27.91,22.24,50.15,93,152702,1,1,3,2,1,0.13,17,18,3,1.63,0.45,0.47,0.08,2887.50,1776.92,40.00,0,0,150,1,0.05,0.08
232,25017336401,447,Pleasant Street,02176,Melrose,NA,447 Pleasant Street,1964,NA,Yes,NA,There is no option for additional parking,No,Apartments,0,23,0,0,23,0,0,0,0,0,0,2,0,0,2,0,2,0,0,2,NA,1325,NA,NA,NA,NA,NA,NA,20,0,16,0,20,16,4,23,21,0.80,0.76,0.95,0.87,42.4505247,-71.0701585,4744,7.38,1.01,8.39,80,16199,0,1,2,1,1,0.09,21,0,0,1.00,1.00,0.00,0.00,1325.00,1325.00,0.00,0,1,0,0,0.00,0.00
233,25017350103,449,Canal Street,02145,Somerville,NA,Montaje,2015,Greystar,No,$150-$199,Parking is not included with rent/purchase price-- residents pay for each space requested,Yes,Apartments,30,225,122,14,391,0,0,0,0,0,0,0,0,0,107,0,0,0,0,56,2250,2750,3000,3000,NA,NA,NA,NA,0,455,0,310,455,310,145,391,284,0.68,1.09,1.60,1.16,42.3941033,-71.0782869,1388,0.00,22.32,22.32,81,184151,1,0,3,3,1,0.14,185,89,10,1.38,0.65,0.31,0.04,2798.59,2022.64,455.00,0,0,150,1,0.05,0.07
234,25025070200,45,Stuart Street,02116,Boston,Back Bay,AVA Theater District,2015,Avalon Bay Communities,No,$350 ,NA,No,Apartments,64,189,145,0,398,0,0,0,0,0,5,3,12,0,20,6,19,15,0,40,2750,3000,3000,NA,NA,NA,NA,NA,0,377,0,230,377,230,147,585,561,0.61,0.41,0.67,0.64,42.3514766,-71.0639373,5503,92.19,350.76,442.95,99,666769,1,1,3,3,1,0.07,357,204,0,1.36,0.64,0.36,0.00,2959.80,2169.43,377.00,0,0,350,1,0.12,0.16
235,25021417901,45,Winter Street,02169,Quincy,NA,Winter Gardens Apartments,2012,Maloney Properties,No,NA,There is no option for additional parking,No,Apartments,0,3,18,3,24,0,0,0,0,0,0,0,0,0,0,0,3,8,2,13,NA,1000,1250,1750,NA,NA,NA,NA,20,0,15,0,20,15,5,24,24,0.75,0.63,0.83,0.83,42.2406688,-70.9800815,6496,13.43,2.59,16.02,56,19149,0,0,3,1,1,0.54,3,18,3,2.00,0.13,0.75,0.13,1281.25,640.63,0.00,0,0,0,0,0.00,0.00
236,25025092000,455,Geneva Avenue,02122,Boston,Dorchester,Bloomfield Gardens,2016,Trinity Management Company,Yes,NA,NA,No,Apartments,4,2,17,4,27,0,0,0,0,0,0,0,0,1,1,4,2,17,4,27,1250,1250,1250,1750,NA,NA,NA,NA,11,0,11,0,11,11,0,27,26,1.00,0.42,0.42,0.41,42.2996918,-71.0656087,5425,36.35,1.43,37.79,90,63550,1,0,3,2,1,1.00,6,16,4,1.92,0.23,0.62,0.15,1324.07,687.50,0.00,0,1,0,0,0.00,0.00
237,25025120301,459,Walnut Avenue,02130,Boston,Jamaica Plain,Walnut Ave Apartments LP,NA,Pine Street Inn,Yes,NA,There is no option for additional parking,Yes,Apartments,30,1,0,0,31,0,0,0,0,0,4,0,0,0,4,30,0,0,0,30,1000,NA,NA,NA,NA,NA,NA,NA,17,0,8,0,17,8,9,31,27,0.47,0.30,0.63,0.55,42.3116112,-71.0980133,5263,55.10,0.50,55.60,88,78376,0,0,NA,2,1,0.97,27,0,0,1.00,1.00,0.00,0.00,1000.00,1000.00,0.00,0,1,0,0,0.00,0.00
238,25025070402,484,Tremont Street,02116,Boston,South End,Castle Square Apartments,2015,Winn Residential,Yes,NA,There is no option for additional parking,No,Apartments,0,144,159,197,500,0,0,0,0,0,0,0,1,0,1,0,136,150,164,450,NA,2250,2750,3000,NA,NA,NA,NA,249,376,225,93,625,318,307,500,499,0.51,0.64,1.25,1.25,42.3459431,-71.0691385,2207,33.47,21.79,55.27,97,487417,1,1,3,3,1,0.90,143,159,197,2.11,0.29,0.32,0.39,2704.50,1284.19,1.51,0,1,0,0,0.00,0.00
239,25017341400,8,Newman Road,02148,Malden,NA,8 Newman Road,1955,NA,NA,NA,"If a unit request an additional parking space, they must pay for the space separate from the rental price",No,Condominiums,0,0,0,0,0,2,44,40,0,86,0,0,0,0,0,0,0,0,0,0,NA,NA,NA,NA,NA,NA,NA,NA,90,0,52,0,90,52,38,86,86,0.58,0.60,1.05,1.05,42.4161712,-71.06873,6377,10.58,12.67,23.26,74,25101,0,0,2,2,0,0.00,46,40,0,1.47,0.53,0.47,0.00,NA,NA,0.00,1,0,0,0,NA,NA
240,25025060600,5,Fan Pier Boulevard,02210,Boston,Seaport,VIA Seaport Residences,2017,Berkshire Communities,No,$425-$475,Parking is not included with rent/purchase price-- residents pay for each space requested,No,Apartments,213,182,67,16,478,0,0,0,0,0,58,15,12,10,95,20,19,9,2,50,3000,3000,3000,3000,NA,NA,NA,NA,0,249,0,156,249,156,93,478,383,0.63,0.41,0.65,0.52,42.3528112,-71.0466188,3219,10.43,82.78,93.21,80,557629,1,1,3,3,1,0.10,316,54,13,1.21,0.83,0.14,0.03,3000.00,2485.27,249.00,0,0,425,1,0.14,0.17
241,25025071201,50,Malden Street,02118,Boston,South End,Girard Apartments,2016,Equity Residential,No,$350 ,Parking is not included with rent/purchase price-- residents pay for each space requested,No,Apartments,0,72,83,5,160,0,0,0,0,0,0,2,0,0,8,0,11,10,0,21,NA,3000,3000,3000,NA,NA,NA,NA,0,92,0,67,92,67,25,160,152,0.73,0.44,0.61,0.58,42.3400078,-71.0676514,3581,28.02,48.19,76.20,97,436773,1,0,3,3,1,0.13,68,79,5,1.59,0.45,0.52,0.03,3000.00,1897.23,92.00,0,0,350,1,0.12,0.18
242,25017339801,50,Station Landing,02155,Medford,NA,Station Landing,2009,National Development,Yes,$180 ,"If a unit request an additional parking space, they must pay for the space separate from the rental price",Yes,Apartments,0,0,0,0,292,0,0,0,0,0,0,0,0,0,0,0,0,0,0,10,NA,2400,3000,3750,NA,NA,NA,NA,0,324,0,232,324,232,92,292,292,0.72,0.79,1.11,1.11,42.4039021,-71.0803134,4938,16.23,10.29,26.51,79,70795,1,0,3,3,1,0.03,155,119,18,1.53,0.53,0.41,0.06,NA,NA,324.00,0,1,180,1,NA,NA
243,25025061200,50,West Broadway,02127,Boston,South Boston,50 West Broadway,2010,Corcoran Management,No,$275 ,Parking is not included with rent/purchase price-- residents pay for each space requested,No,Apartments,8,99,32,0,139,0,0,0,0,0,1,13,3,0,17,2,20,6,0,28,2250,2750,3000,NA,NA,NA,NA,NA,0,156,0,97,156,97,59,139,122,0.62,0.80,1.28,1.12,42.3423657,-71.0558081,4265,7.92,27.25,35.17,89,510040,1,0,3,3,1,0.20,94,28,0,1.23,0.77,0.23,0.00,2778.78,2258.77,156.00,0,0,275,1,0.10,0.12
244,25017341902,500,Broadway,02148,Malden,NA,Cliffside Commons,2001,Dolben,Yes,$35-$75,"If a unit request an additional parking space, they must pay for the space separate from the rental price",No,Apartments,10,137,138,10,295,0,0,0,0,0,0,0,0,0,21,0,0,0,0,0,NA,NA,NA,NA,NA,NA,NA,NA,260,67,265,20,327,285,42,295,274,0.87,1.04,1.19,1.11,42.4385949,-71.0350586,8124,13.16,0.41,13.56,57,7190,0,0,3,3,1,0.00,137,128,9,1.53,0.50,0.47,0.03,NA,NA,0.26,0,1,35,1,NA,NA
245,25017341102,525,Highland Avenue,02148,Malden,NA,525 Highland Avenue,1965,NA,Yes,$0 ,There is no option for additional parking,No,Apartments,2,13,16,0,31,0,0,0,0,0,0,0,0,0,0,0,3,0,0,3,NA,NA,NA,NA,NA,NA,NA,NA,26,0,26,0,26,26,0,31,31,1.00,0.84,0.84,0.84,42.4303053,-71.0813042,4203,19.17,0.73,19.89,63,30801,1,1,2,2,1,0.10,15,16,0,1.52,0.48,0.52,0.00,NA,NA,0.00,0,1,0,0,NA,NA
246,25025091400,530,Columbia Road,02125,Boston,Dorchester,Uphams Crossing/St. Kevin's,2015,Corcoran Management,Yes,NA,There is no option for additional parking,No,Apartments,0,14,58,8,80,0,0,0,0,0,0,0,0,0,0,0,14,58,8,80,NA,1250,1250,1250,NA,NA,NA,NA,49,0,40,0,49,40,9,80,80,0.82,0.50,0.61,0.61,42.315647,-71.066992,3089,44.28,16.44,60.72,90,118569,0,1,3,2,1,1.00,14,58,8,1.93,0.18,0.73,0.10,1250.00,649.35,0.00,0,1,0,0,0.00,0.00
247,25025070402,55,Traveler Street,02118,Boston,South End,TROY Boston,2014,Greystar,No,$250-$350,Parking is not included with rent/purchase price-- residents pay for each space requested,No,Apartments,81,213,84,0,378,0,0,0,0,0,4,5,7,0,16,10,19,9,0,38,2750,3000,NA,3000,NA,NA,NA,NA,0,150,0,114,150,114,36,378,362,0.76,0.31,0.41,0.40,42.3440127,-71.0625442,2207,33.47,21.79,55.27,95,511189,1,0,3,3,1,0.10,282,80,0,1.22,0.78,0.22,0.00,2931.12,2931.12,150.00,0,0,250,1,0.09,0.09
248,25017336402,56,Wyoming West Avenue,02176,Melrose,NA,56 Wyoming West Avenue,1974,NA,Yes,$0 ,"If a unit request an additional parking space, they must pay for the space separate from the rental price",No,Apartments,0,7,23,0,30,0,0,0,0,0,0,0,0,0,0,0,7,23,0,30,NA,975,1400,NA,NA,NA,NA,NA,43,0,33,0,43,33,10,30,30,0.77,1.10,1.43,1.43,42.4519802,-71.070437,5079,18.03,0.32,18.35,83,28376,0,1,2,2,1,1.00,7,23,0,1.77,0.23,0.77,0.00,1300.83,736.32,0.00,0,1,0,0,0.00,0.00
249,25017336200,560,Lebanon Street,02176,Melrose,NA,560 Lebanon Street,2011,NA,Yes,NA,NA,No,Apartments,0,0,10,0,10,0,0,0,0,0,0,0,0,0,0,0,0,0,0,0,NA,NA,2000,NA,NA,NA,NA,NA,16,0,10,0,16,10,6,10,10,0.63,1.00,1.60,1.60,42.459528,-71.062018,6045,8.03,21.82,29.84,88,20502,0,1,3,1,1,0.00,0,10,0,2.00,0.00,1.00,0.00,2000.00,1000.00,0.00,0,1,0,0,0.00,0.00
250,25017350300,563-565,Broadway,02145,Somerville,NA,563-565 Broadway,2014,1359 Realty Trust,Yes,NA,There is no option for additional parking,No,Apartments,0,0,8,2,10,0,0,0,0,0,0,0,0,0,0,0,0,0,0,1,NA,NA,2750,3000,NA,NA,NA,NA,10,0,11,0,10,11,-1,10,10,1.00,1.10,1.00,1.00,42.3984962,-71.107366,2585,20.16,5.28,25.44,84,98163,0,0,3,1,1,0.10,0,8,2,2.20,0.00,0.80,0.20,2800.00,1272.73,0.00,0,1,0,0,0.00,0.00
251,25017336200,585,Main Street,02176,Melrose,NA,585 Main Street,1897,NA,Yes,NA,Residents may rent  spaces off-site,No,Apartments,0,26,20,3,49,0,0,0,0,0,0,2,0,0,2,0,0,0,0,0,NA,1375,1765,1960,NA,NA,NA,NA,64,0,54,0,64,54,10,49,47,0.84,1.15,1.36,1.31,42.4571608,-71.0632855,6045,8.03,21.82,29.84,90,17559,0,1,1,2,1,0.00,25,19,3,1.53,0.53,0.40,0.06,1570.00,1025.73,0.00,0,1,0,0,0.00,0.00
252,25017341300,59,Green Street,02148,Malden,NA,Robinson Cuticura Mill Apartments,NA,Beacon Communities,Yes,NA,There is no option for additional parking,No,Apartments,0,84,7,3,94,0,0,0,0,0,0,0,0,0,0,0,84,7,2,93,NA,2250,2250,NA,NA,NA,NA,NA,0,64,0,19,64,19,45,94,94,0.30,0.20,0.68,0.68,42.4188237,-71.070904,5363,4.58,30.18,34.75,80,27966,0,0,NA,2,1,0.99,84,7,3,1.14,0.89,0.07,0.03,2250.00,2089.29,64.00,0,1,0,0,0.00,0.00
253,25017341102,597,Pleasant Street,02148,Malden,NA,597 Pleasant Street,1977,NA,Yes,NA,"If a unit request an additional parking space, they must pay for the space separate from the rental price",No,Apartments,0,24,16,0,40,0,0,0,0,0,0,0,0,0,0,0,0,0,0,0,NA,1200,1400,NA,NA,NA,NA,NA,23,23,23,17,46,40,6,40,40,0.87,1.00,1.15,1.15,42.425301,-71.08793,4203,14.47,3.58,18.05,64,25188,0,0,2,2,1,0.00,24,16,0,1.40,0.60,0.40,0.00,1280.00,914.29,1.00,0,1,0,0,0.00,0.00
254,25021417701,6,Fort Street,02169,Quincy,NA,Fort Street Apartments,2012,Maloney Properties,No,NA,There is no option for additional parking,No,Apartments,0,8,23,3,34,0,0,0,0,0,0,0,0,0,0,0,2,8,1,11,NA,1000,1250,1750,NA,NA,NA,NA,0,35,0,29,35,29,6,34,34,0.83,0.85,1.03,1.03,42.2445528,-71.0066423,5380,10.03,36.64,46.67,86,31937,0,1,3,2,1,0.32,8,23,3,1.85,0.24,0.68,0.09,1235.29,666.67,35.00,0,0,0,0,0.00,0.00
255,25017354600,603,Concord Avenue,02138,Cambridge,Alewife,603 Concord Avenue,2015,Acorn Holdings,No,$185 ,Residents may rent spaces from one another,No,Apartments,8,35,18,0,61,0,0,0,0,0,1,1,2,0,4,1,4,2,7,14,2250,2750,3000,NA,NA,NA,NA,NA,8,53,5,45,61,50,11,61,57,0.82,0.88,1.07,1.00,42.3890044,-71.1446037,5585,7.05,21.23,28.27,67,62774,0,0,3,2,1,0.23,40,17,0,1.30,0.70,0.30,0.00,2758.20,2129.75,6.63,1,0,185,1,0.07,0.09
256,25025000802,61-71,Hano Street,02134,Boston,Allston,Brian J Honan Apartments,2002,Maloney Properties,Yes,NA,There is no option for additional parking,No,Apartments,0,11,29,10,50,0,0,0,0,0,0,1,0,0,1,0,11,29,10,50,NA,1250,1250,1750,NA,NA,NA,NA,52,0,38,0,52,38,14,50,49,0.73,0.78,1.06,1.04,42.3559199,-71.137291,6598,27.91,22.24,50.15,82,102232,1,1,3,2,1,1.00,11,28,10,1.98,0.22,0.57,0.20,1350.00,681.82,0.00,1,1,0,0,0.00,0.00
257,25017341800,62,Willow Street,02148,Malden,NA,Bryant Terrace Apartments,1970,NA,Yes,$0 ,"Parking is provided on a first come, first served basis",No,Apartments,0,12,72,24,108,0,0,0,0,0,0,1,2,0,3,0,12,72,24,108,NA,700,800,900,NA,NA,NA,NA,140,0,106,0,140,106,34,108,105,0.76,1.01,1.33,1.30,42.426751,-71.054224,6554,14.46,1.88,16.34,73,18357,0,0,2,3,1,1.00,12,70,23,2.10,0.11,0.67,0.22,811.11,384.21,0.00,0,1,0,0,0.00,0.00
258,25017353200,625,Putnam Avenue,02139,Cambridge,Cambridgeport,625 Putnam Avenue,2012,Winn Residential,Yes,NA,There is no option for additional parking,No,Mix,0,10,20,10,40,0,0,0,0,0,0,0,0,0,0,0,10,20,10,40,NA,1250,1250,1750,NA,1200,1400,1550,0,32,0,14,32,14,18,40,40,0.44,0.35,0.80,0.80,42.3561812,-71.1065446,5131,26.39,11.40,37.78,76,229528,1,0,3,2,1,1.00,10,20,10,2.00,0.25,0.50,0.25,1375.00,687.50,32.00,1,1,0,0,0.00,0.00
259,25021418004,625,Thomas E. Burgin Parkway,02169,Quincy,NA,Deco,2016,Lincoln Property Company,No,$125 ,There is no option for additional parking,No,Apartments,34,91,55,0,180,0,0,0,0,0,1,5,3,0,9,0,0,0,0,0,1750,2250,2750,NA,NA,NA,NA,NA,0,172,0,172,172,172,0,180,171,1.00,1.01,1.01,0.96,42.234311,-71.0087318,4377,6.92,21.07,27.99,61,42214,1,0,3,3,1,0.00,119,52,0,1.30,0.70,0.30,0.00,2308.33,1768.09,172.00,0,0,125,1,0.05,0.07
260,25017353000,632,Massachusetts Avenue,02139,Cambridge,Central,The Holmes Building,2012,Hunneman Management & Development Company,No,$225 ,Parking is not included with rent/purchase price-- residents pay for each space requested,No,Apartments,0,36,57,0,93,0,0,0,0,0,0,0,1,0,1,0,6,8,0,14,NA,2250,3000,NA,NA,NA,NA,NA,0,70,0,60,70,60,10,93,92,0.86,0.65,0.76,0.75,42.3649655,-71.1038613,3609,82.80,56.30,139.09,97,633983,1,0,3,2,1,0.15,36,56,0,1.61,0.39,0.61,0.00,2709.68,1680.00,70.00,0,0,225,1,0.08,0.13
261,25025120301,65,Cornwall Street,02130,Boston,Jamaica Plain,JP Cohousing,2010,JP Cohousing,Yes,NA,Residents may rent spaces off-site,No,Condominiums,0,0,0,0,0,3,6,12,9,30,0,0,0,0,0,0,1,1,1,3,NA,NA,NA,NA,NA,NA,NA,NA,46,0,32,0,46,32,14,30,30,0.70,1.07,1.53,1.53,42.3125908,-71.1050696,5263,21.50,15.75,37.25,88,129728,1,0,3,2,0,0.10,9,12,9,2.00,0.30,0.40,0.30,NA,NA,0.00,1,1,0,0,NA,NA
262,25025160300,9,Captains Row,02150,Chelsea,NA,9 Captains Row,1987,NA,Yes,$0 ,Residents may rent spaces from one another,No,Condominiums,0,0,0,0,0,0,0,37,0,37,0,0,0,0,0,0,0,0,0,0,NA,NA,NA,NA,NA,NA,NA,NA,37,0,30,0,37,30,7,37,37,0.81,0.81,1.00,1.00,42.3884673,-71.0459504,2476,19.33,3.60,22.93,60,58102,0,0,2,2,0,0.00,0,37,0,2.00,0.00,1.00,0.00,NA,NA,0.00,0,1,0,0,NA,NA
263,25017341200,"66, 92, 108",Devir Street,02148,Malden,NA,"66, 92, 108 Devir Street",1978,NA,NA,NA,NA,No,Apartments,0,0,0,0,0,0,0,0,0,0,0,0,0,0,0,0,0,0,0,0,NA,NA,NA,NA,NA,NA,NA,NA,155,0,60,0,155,60,95,118,118,0.39,0.51,1.31,1.31,42.4156255,-71.0811149,7152,14.54,10.20,24.74,69,20204,0,0,2,3,0,0.00,63,48,7,1.53,0.53,0.41,0.06,NA,NA,0.00,0,NA,0,0,NA,NA
264,25025170501,660,Ocean Avenue,02151,Revere,NA,Vanguard Waterfront Square,2015,Bozzuto,No,$75 ,Parking is not included with rent/purchase price-- residents pay for each space requested,No,Apartments,0,139,51,4,194,0,0,0,0,0,0,22,3,0,25,0,0,0,0,0,NA,2250,2750,3000,NA,NA,NA,NA,0,215,0,100,215,100,115,194,169,0.47,0.59,1.27,1.11,42.4172738,-70.9889643,3540,15.04,1.89,16.93,47,204397,1,0,3,3,1,0.00,122,44,3,1.30,0.72,0.26,0.02,2396.91,1837.94,215.00,0,0,75,1,0.03,0.04
265,25017341300,68,Washington Street,02148,Malden,NA,68 Washington Street,1920,NA,Yes,NA,"Parking is provided on a first come, first served basis",No,Apartments,6,6,6,0,18,0,0,0,0,0,0,0,0,0,0,0,0,0,0,0,NA,NA,NA,NA,NA,NA,NA,NA,18,0,7,0,18,7,11,18,18,0.39,0.39,1.00,1.00,42.4294579,-71.0713655,5363,45.57,49.67,95.24,93,89063,1,1,1,1,1,0.00,12,6,0,1.33,0.67,0.33,0.00,NA,NA,0.00,0,1,0,0,NA,NA
266,25017355000,7,Cameron Avenue,02140,Cambridge,North Cambridge,7 Cameron,2012,Acorn Holdings,No,$185 ,Parking is not included with rent/purchase price-- residents pay for each space requested,No,Apartments,0,10,27,0,37,0,0,0,0,0,0,0,0,0,0,0,2,2,0,4,NA,2750,3000,NA,NA,NA,NA,NA,7,31,6,26,38,32,6,37,37,0.84,0.86,1.03,1.03,42.3981824,-71.1302297,3157,32.03,10.43,42.46,93,85692,1,0,3,2,1,0.11,10,27,0,1.73,0.27,0.73,0.00,2932.43,1695.31,4.43,1,0,185,1,0.06,0.11
267,25017350104,7,Memorial Road,02145,Somerville,NA,Saint Polycarp Village,2013,Wingate Management,No,NA,There is no option for additional parking,No,Apartments,0,16,49,19,84,0,0,0,0,0,0,0,0,0,0,0,16,49,19,84,NA,1250,1250,1750,NA,NA,NA,NA,65,21,43,15,86,58,28,84,84,0.67,0.69,1.02,1.02,42.3957904,-71.0912221,7610,41.82,2.82,44.64,79,91672,0,0,3,2,1,1.00,16,49,19,2.04,0.19,0.58,0.23,1363.10,669.59,0.32,0,0,0,0,0.00,0.00
268,25017341400,72,Ashland Street,02148,Malden,NA,72 Ashland Street,1889,NA,Yes,$0 ,There is no option for additional parking,No,Condominiums,0,0,0,0,0,0,19,15,0,34,0,0,0,0,0,0,2,1,0,3,NA,NA,NA,NA,NA,NA,NA,NA,53,0,35,0,53,35,18,34,34,0.66,1.03,1.56,1.56,42.4197973,-71.0632871,6377,60.43,0.57,61.00,85,30587,0,0,1,2,0,0.09,19,15,0,1.44,0.56,0.44,0.00,NA,NA,0.00,0,1,0,0,NA,NA
269,25017342400,73,Winthrop Street,02149,Everett,NA,73 Winthrop Street,1981,NA,Yes,$0 ,"If a unit request an additional parking space, they must pay for the space separate from the rental price",No,Apartments,1,17,0,0,18,1,0,0,0,0,0,0,0,0,0,0,3,0,0,3,950,1250,NA,NA,NA,NA,NA,NA,20,0,15,0,20,15,5,18,18,0.75,0.83,1.11,1.11,42.407258,-71.058544,6963,27.29,6.65,33.94,93,41610,0,0,2,1,1,0.17,18,0,0,1.00,1.00,0.00,0.00,1233.33,1233.33,0.00,0,1,0,0,0.00,0.00
270,25025081300,75,Amory Avenue,02119,Boston,Jamaica Plain,75 Amory Apartments LLC,2017,Peabody Properties,No,NA,NA,No,Apartments,0,10,19,10,39,0,0,0,0,0,0,1,0,0,1,0,6,4,9,19,NA,1250,1250,2250,NA,NA,NA,NA,27,0,27,0,27,27,0,39,38,1.00,0.71,0.71,0.69,42.3210223,-71.1007183,5573,35.20,13.78,48.98,82,269176,1,0,3,2,1,0.49,9,19,10,2.03,0.24,0.50,0.26,1506.41,753.21,0.00,0,0,0,0,0.00,0.00
271,25025000802,75,Braintree Street,02134,Boston,Allston,Trac 75,2017,Dolben,No,$175-$225,Parking is not included with rent/purchase price-- residents pay for each space requested,No,Apartments,11,48,15,6,80,0,0,0,0,0,0,0,0,0,2,0,0,0,0,11,2392,2614,3691,4568,NA,NA,NA,NA,0,64,0,45,64,45,19,80,78,0.70,0.58,0.82,0.80,42.3564453,-71.1358512,6598,27.91,22.24,50.15,86,96353,1,1,3,2,1,0.14,57,15,6,1.35,0.73,0.19,0.08,2931.96,2192.12,64.00,0,0,175,1,0.06,0.08
272,25017368902,77,Lexington Street,02452,Waltham,NA,St. Mary's Apartments,2001,Maloney Properties,Yes,NA,"Parking is provided on a first come, first served basis",No,Apartments,0,70,0,0,70,0,0,0,0,0,0,1,0,0,1,0,70,0,0,70,NA,1000,NA,NA,NA,NA,NA,NA,35,0,26,0,35,26,9,70,69,0.74,0.38,0.51,0.50,42.379071,-71.2354657,4564,6.03,6.30,12.33,87,35671,0,1,3,2,1,1.00,69,0,0,1.00,1.00,0.00,0.00,1000.00,1000.00,0.00,0,1,0,0,0.00,0.00
273,25017354600,80,Fawcett Street,02138,Cambridge,Alewife,Atmark Cambridge,2014,Bozzuto,No,$195 ,NA,Yes,Apartments,100,175,100,0,428,0,0,0,0,0,0,0,0,0,21,0,0,0,0,86,2060,2500,3100,NA,NA,NA,NA,NA,0,402,0,270,402,270,132,428,407,0.67,0.66,0.99,0.94,42.3917377,-71.14578,5585,7.05,21.23,28.27,58,62774,1,0,3,3,1,0.20,298,109,0,1.27,0.73,0.27,0.00,2542.67,2007.37,402.00,0,0,195,1,0.08,0.10
274,25017353101,821-825,Main Street,02139,Cambridge,Central,821-825 Main Street Condos,2009,Wingate Management,Yes,NA,There is no option for additional parking,No,Condominiums,0,0,0,0,10,0,0,0,0,0,0,0,0,0,0,0,0,0,0,0,NA,NA,NA,NA,NA,NA,NA,NA,9,0,7,0,9,7,2,10,10,0.78,0.70,0.90,0.90,42.363469,-71.097722,2623,25.44,32.96,58.40,92,447004,1,0,3,1,1,0.00,4,5,1,1.70,0.40,0.50,0.10,NA,NA,0.00,0,1,0,0,NA,NA
275,25025170300,83,Ward Street,02151,Revere,NA,Rumney Flats,2016,Dolben,Yes,$50 ,"If a unit request an additional parking space, they must pay for the space separate from the rental price",No,Apartments,30,91,110,0,231,0,0,0,0,0,3,8,6,0,17,0,0,0,0,0,1750,1750,2250,NA,NA,NA,NA,NA,268,0,227,0,268,227,41,231,214,0.85,1.06,1.25,1.16,42.4251072,-71.0063614,8806,2.34,3.71,6.05,75,5972,0,0,3,3,1,0.00,112,102,0,1.48,0.52,0.48,0.00,1988.10,1346.77,0.00,0,1,50,1,0.03,0.04
276,25017341102,86,Maple Street,02148,Malden,NA,86 Maple Street,1925,NA,No,$75 ,NA,No,Apartments,0,27,14,0,41,0,0,0,0,0,0,0,0,0,0,0,0,0,0,0,NA,1600,1800,NA,NA,NA,NA,NA,52,0,30,0,52,30,22,41,41,0.58,0.73,1.27,1.27,42.4289479,-71.0769887,4203,27.90,7.73,35.62,81,44239,1,1,1,2,1,0.00,27,14,0,1.34,0.66,0.34,0.00,1668.29,1243.64,0.00,0,0,75,1,0.04,0.06
277,25017354600,87,New Street,02138,Cambridge,Alewife,Park 87,2010,Acorn Holdings,No,$185 ,Parking is not included with rent/purchase price-- residents pay for each space requested,No,Apartments,0,27,27,0,54,0,0,0,0,0,0,1,0,0,1,0,3,3,0,6,NA,2750,3000,NA,NA,NA,NA,NA,14,40,10,30,54,40,14,54,53,0.74,0.75,1.02,1.00,42.3897444,-71.1395135,5585,14.93,4.78,19.71,78,66830,1,0,3,2,1,0.11,26,27,0,1.51,0.49,0.51,0.00,2875.00,1916.67,2.86,0,0,185,1,0.06,0.10
278,25025160300,90,Broadway,02150,Chelsea,NA,90 Broadway,1920,NA,Yes,$0 ,"Parking is provided on a first come, first served basis",No,Apartments,3,9,0,0,12,0,0,0,0,0,0,0,0,0,0,0,3,0,0,3,925,975,NA,NA,NA,NA,NA,NA,12,0,12,0,12,12,0,12,12,1.00,1.00,1.00,1.00,42.388461,-71.042342,2476,19.33,3.60,22.93,79,125712,0,0,1,1,1,0.25,12,0,0,1.00,1.00,0.00,0.00,962.50,962.50,0.00,1,1,0,0,0.00,0.00
279,25025160101,88,Gerrish Avenue,02150,Chelsea,NA,88 Gerrish Avenue,2014,NA,Yes,NA,"If a unit request an additional parking space, they must pay for the space separate from the rental price",No,Apartments,47,6,0,0,53,0,0,0,0,0,3,2,0,0,5,0,5,0,0,5,1675,1750,NA,NA,NA,NA,NA,NA,38,0,31,0,38,31,7,53,48,0.82,0.65,0.79,0.72,42.3933743,-71.0279547,9286,68.29,2.79,71.08,84,84836,0,1,3,2,1,0.09,48,0,0,1.00,1.00,0.00,0.00,1683.49,1683.49,0.00,1,1,0,0,0.00,0.00
280,25017341102,9,Maple Street,02148,Malden,NA,9 Maple Street,1979,NA,Yes,$50 ,"If a unit request an additional parking space, they must pay for the space separate from the rental price",No,Condominiums,0,0,0,0,0,0,0,6,0,6,0,0,0,0,0,0,0,6,0,6,NA,NA,NA,NA,NA,NA,NA,NA,46,0,38,0,46,38,8,49,49,0.83,0.78,0.94,0.94,42.4294189,-71.0744935,4203,36.81,3.00,39.81,86,78913,1,1,2,2,0,0.12,0,49,0,2.00,0.00,1.00,0.00,NA,NA,0.00,0,0,50,1,NA,NA
281,25025081200,90,Bickford Street,02130,Boston,Jamaica Plain,Bickford Street Elderly Housing Corporation,2006,Peabody Properties,No,$0 ,NA,No,Apartments,0,56,0,0,56,0,0,0,0,0,0,0,0,0,0,0,56,0,0,56,NA,1000,NA,NA,NA,NA,NA,NA,11,0,1,0,11,1,10,56,56,0.09,0.02,0.20,0.20,42.3239094,-71.1017272,3577,54.25,6.93,61.19,88,246000,1,0,3,2,1,1.00,56,0,0,1.00,1.00,0.00,0.00,1000.00,1000.00,0.00,0,0,0,0,0.00,0.00
282,25025010204,900,Beacon Street,02215,Boston,Fenway/Kenmore,Gateway Boston,2017,Gibson Sotheby's International Realty,No,$250 ,Parking is not included with rent/purchase price-- residents pay for each space requested,No,Apartments,0,32,0,0,32,0,0,0,0,0,0,1,0,0,1,0,1,0,0,1,NA,3000,NA,NA,NA,NA,NA,NA,0,31,0,12,31,12,19,32,31,0.39,0.39,1.00,0.97,42.3468132,-71.1056963,3354,78.94,6.17,85.11,92,416450,1,1,3,2,1,0.03,31,0,0,1.00,1.00,0.00,0.00,3000.00,3000.00,31.00,0,0,250,1,0.08,0.08
283,25025160200,92-100,Pearl Street,02150,Chelsea,NA,92-100 Pearl Street,2002,NA,NA,NA,NA,No,Apartments,0,0,0,0,17,0,0,0,0,0,0,0,0,0,0,0,0,0,0,0,NA,NA,NA,NA,NA,NA,NA,NA,18,0,13,0,18,13,5,23,23,0.72,0.57,0.78,0.78,42.3892226,-71.0382159,4357,66.03,11.97,78.00,88,228527,0,1,3,1,1,0.00,10,11,2,1.65,0.43,0.48,0.09,NA,NA,0.00,0,NA,0,0,NA,NA
284,25017356702,924-932,Massachusetts Avenue,02474,Arlington,NA,924-932 Massachusetts Avenue,1950,NA,Yes,$100 ,"Parking is provided on a first come, first served basis",No,Apartments,0,0,24,0,24,0,0,0,0,0,0,0,2,0,2,0,0,2,0,2,NA,NA,1400,NA,NA,NA,NA,NA,13,0,12,0,13,12,1,24,22,0.92,0.55,0.59,0.54,42.4178063,-71.165674,6898,19.95,3.83,23.78,83,26774,0,0,2,1,1,0.08,0,22,0,2.00,0.00,1.00,0.00,1400.00,700.00,0.00,0,1,100,1,0.07,0.14
285,25017336200,929,Main Street,02176,Melrose,NA,929 Main Street,1985,NA,Yes,NA,Residents may rent spaces from one another,No,Apartments,0,4,4,2,10,0,0,0,0,0,0,0,0,0,0,0,0,0,0,0,NA,NA,NA,NA,NA,NA,NA,NA,15,0,11,0,15,11,4,10,10,0.73,1.10,1.50,1.50,42.4661758,-71.0611516,6045,16.42,3.62,20.04,77,17198,0,1,2,1,1,0.00,4,4,2,1.80,0.40,0.40,0.20,NA,NA,0.00,0,1,0,0,NA,NA
286,25017342600,97,Ferry Street,02149,Everett,NA,97 Ferry Street,1987,NA,Yes,$50 ,NA,No,Apartments,0,24,16,0,40,0,0,0,0,0,0,0,0,0,0,0,5,0,0,5,NA,1000,1200,NA,NA,NA,NA,NA,36,24,24,21,60,45,15,40,40,0.75,1.13,1.50,1.50,42.407187,-71.0464803,5263,57.68,1.60,59.27,87,31715,0,0,2,2,1,0.13,24,16,0,1.40,0.60,0.40,0.00,1080.00,771.43,0.67,0,1,50,1,0.05,0.06
287,25017336402,99,Essex Street,02176,Melrose,NA,99 Essex Street,1950,NA,Yes,NA,NA,No,Apartments,0,8,7,0,15,0,0,0,0,0,0,1,1,0,2,0,1,1,0,2,NA,1644,2268,NA,NA,NA,NA,NA,22,0,18,0,22,18,4,15,13,0.82,1.38,1.69,1.47,42.4571202,-71.0675586,5079,17.36,20.17,37.53,90,19340,0,1,2,1,1,0.13,7,6,0,1.46,0.54,0.46,0.00,1935.20,1319.45,0.00,0,1,0,0,0.00,0.00
288,25017374100,99,Needham Street,02461,Newton,NA,Avalon at Newton Highlands,2003,Avalon Bay Communities,Yes,NA,"If a unit request an additional parking space, they must pay for the space separate from the rental price",No,Apartments,9,90,139,59,294,0,0,0,0,0,0,0,0,0,0,0,24,35,15,74,2250,3000,3000,3000,NA,NA,NA,NA,126,372,90,213,498,303,195,294,294,0.61,1.03,1.69,1.69,42.3141349,-71.2132654,4934,7.23,12.94,20.17,64,27604,1,0,3,3,1,0.25,98,138,58,1.86,0.33,0.47,0.20,2977.27,1596.12,2.95,0,1,0,0,0.00,0.00
289,25017336100,990,Main Street,02176,Melrose,NA,990 Main Street,1956,NA,Yes,$0 ,There is no option for additional parking,No,Apartments,4,4,0,0,8,0,0,0,0,0,0,0,0,0,0,0,1,0,0,1,750,900,NA,NA,NA,NA,NA,NA,8,0,6,0,8,6,2,8,8,0.75,0.75,1.00,1.00,42.4696567,-71.0612445,5691,16.19,1.64,17.83,70,15005,0,1,2,1,1,0.13,8,0,0,1.00,1.00,0.00,0.00,825.00,825.00,0.00,0,1,0,0,0.00,0.00